Name,Gender,Institution,Category,Subcategory,Zipcode,Program Area,h-index
Kavin Ammigan,Unknown,Fermi National Accelerator Laboratory,National Lab,,60510,,N/A
Alexander Austregesilo,Male,Thomas Jefferson National Accelerator Facility,National Lab,,23606,High Energy Physics,39
Keith Bechtol,Male,University of Wisconsin-Madison,University,State/Public,53706,High Energy Physics,N/A
Lauren E. Beckingham,Female,Auburn University,University,Other,36849,Basic Energy Sciences,18
Timothy Berkelbach,Male,Columbia University,University,Ivy League,10027,Basic Energy Sciences,42
Peter A. Bosler,Male,Sandia National Laboratories,National Lab,,87125,Basic Energy Sciences,N/A
Itay Budin,Male,University of California San Diego,University,Other,92093,Advanced Scientific Computing Research,16
Livia Casali,Female,University of Tennessee-Knoxville,University,Other,37996,Biological and Environmental Research,19
David Cereceda,Male,Villanova University,University,Other,19085,Fusion Energy Sciences,10
Katerina Chatziioannou,Female,California Institute of Technology,University,Private,91125,Fusion Energy Sciences,73
Yang-Ting Chien,Unknown,Georgia State University,University,Other,30303,Nuclear Physics,24
Christopher J. Dares,Male,Florida International University,University,Other,33199,Nuclear Physics,24
Emily C. Davidson,Female,Princeton University,University,Ivy League,08540,Basic Energy Sciences,17
John D. Despotopulos,Male,Lawrence Livermore National Laboratory,National Lab,,94550,Nuclear Physics,N/A
Johannes Doerfert,Male,Argonne National Laboratory,National Lab,,60439,Nuclear Physics,19
Chunhui Du,Unknown,"University of California, San Diego",University,State/Public,92093,Advanced Scientific Computing Research,28
Auralee Edelen,Unknown,SLAC National Accelerator Laboratory,National Lab,,94025,Basic Energy Sciences,21
Sabit Ekin,Male,Oklahoma State University,University,Other,74078,Basic Energy Sciences,15
Timofey Frolov,Male,Lawrence Livermore National Laboratory,National Lab,,94550,Advanced Scientific Computing Research,26
Trey E. Gebhart,Male,Oak Ridge National Laboratory,National Lab,,37830,Fusion Energy Sciences,N/A
Emily B. Graham,Female,Pacific Northwest National Laboratory,National Lab,,99352,Fusion Energy Sciences,32
Hanqi Guo,Unknown,Argonne National Laboratory,National Lab,,60439,Advanced Scientific Computing Research,26
Ryan G. Hadt,Male,California Institute of Technology,University,Private,91125,Advanced Scientific Computing Research,N/A
K. C. Hammond,Unknown,Princeton Plasma Physics Laboratory,National Lab,,08540,Basic Energy Sciences,16
Shaun R. Haskey,Male,Princeton Plasma Physics Laboratory,National Lab,,08540,Fusion Energy Sciences,N/A
Dugan Hayes,Male,University of Rhode Island,University,Other,02881,Fusion Energy Sciences,20
Andrew Hearin,Male,Argonne National Laboratory,National Lab,,60439,Basic Energy Sciences,33
Elizabeth Herndon,Female,Oak Ridge National Laboratory,National Lab,,37831,High Energy Physics,22
Tova Holmes,Female,University of Tennessee,University,Other,37996,Biological and Environmental Research,214
Tanzima Z. Islam,Unknown,Texas State University,University,Other,78666,High Energy Physics,N/A
Benjamin Jorns,Male,University of Michigan,University,State/Public,48109,Advanced Scientific Computing Research,31
Piran R. Kidambi,Unknown,Vanderbilt University,University,Other,37212,Fusion Energy Sciences,41
Jae Chul Kim,Unknown,Stevens Institute of Technology,Unknown,,07030,Isotope R&D and Production,26
Anders Knospe,Male,Lehigh University,University,Other,18015,Basic Energy Sciences,N/A
Boopathy Kombaiah,Unknown,Idaho National Laboratory,National Lab,,83415,Nuclear Physics,18
Noah Kurinsky,Male,SLAC National Laboratory,Unknown,,94025,Basic Energy Sciences,33
Aeriel D.M. Leonard,Unknown,The Ohio State University,University,State/Public,43210,High Energy Physics,N/A
Yuzhang Li,Unknown,"University of California, Los Angeles",University,State/Public,90095,Basic Energy Sciences,48
Chong Liu,Unknown,The University of Chicago,University,Private,60637,Basic Energy Sciences,86
Lu Lu,Unknown,University of Pennsylvania,University,Ivy League,19104,Basic Energy Sciences,228
Xiao Luo,Unknown,"University of California, Santa Barbara",University,Other,93106,Advanced Scientific Computing Research,47
Devin Matthews,Male,Southern Methodist University,University,Other,75275,High Energy Physics,37
Matteo Mitrano,Male,Harvard University,University,Ivy League,02138,Basic Energy Sciences,23
Christopher Monahan,Male,William & Mary,Unknown,,23187,Nuclear Physics,18
Atieh Moridi,Unknown,Cornell University,University,Ivy League,14853,Nuclear Physics,21
Andrew Mounce,Male,Sandia National Laboratories,National Lab,,87111,Basic Energy Sciences,16
Benjamin Nachman,Male,Lawrence Berkeley National Laboratory,National Lab,,94720,Basic Energy Sciences,199
Aditya G. Nair,Male,"University of Nevada, Reno",University,Other,89557,Advanced Scientific Computing Research,12
Lisa Olshansky,Female,"University of Illinois, Urbana-Champaign",University,Other,61801,Basic Energy Sciences,9
Guido Pagano,Male,Rice University,University,Private,77005,Basic Energy Sciences,25
Chenyun Pan,Unknown,The University of Texas at Arlington,University,Other,76010,Nuclear Physics,15
Pietro Papa Lopes,Male,Argonne National Laboratory,National Lab,,60439,Advanced Scientific Computing Research,34
Natalie Paquette,Female,University of Washington,University,State/Public,98195,Basic Energy Sciences,1
Geoffrey Penington,Male,"University of California, Berkeley",University,State/Public,94720,High Energy Physics,37
Denisia Popolan-Vaida,Female,University of Central Florida,University,Other,32816,High Energy Physics,21
Timothy Proctor,Male,Sandia National Laboratories,National Lab,,94550,Basic Energy Sciences,21
Matt Pyle,Male,University of California Berkeley,University,Other,94720,High Energy Physics,N/A
Krupa Ramasesha,Unknown,Sandia National Laboratories,National Lab,,94550,High Energy Physics,18
Michael Reppert,Male,Purdue University,University,Other,47906,Basic Energy Sciences,21
Grant M. Rotskoff,Male,Stanford University,University,Private,94305,Basic Energy Sciences,25
Michael Schulz,Male,Virginia Polytechnic Institute and State University,University,Other,24061,Basic Energy Sciences,93
Lorenzo Sironi,Male,Columbia University,University,Ivy League,10027,Basic Energy Sciences,51
Elizabeth Sooby,Female,University of Texas at San Antonio,University,Other,78249,Fusion Energy Sciences,15
Kelsey A. Stoerzinger,Female,Oregon State University,University,Other,97331,Basic Energy Sciences,44
Daniel Stolper,Male,"University of California, Berkeley",University,State/Public,94720,Basic Energy Sciences,29
Brian Summa,Male,Tulane University,University,Other,70118,Basic Energy Sciences,14
Zhaowen Tang,Unknown,Los Alamos National Laboratory,National Lab,,87544,Advanced Scientific Computing Research,16
Marlene Turner,Female,Lawrence Berkeley National Laboratory,National Lab,,94720,Nuclear Physics,N/A
Jorge A. Villa,Male,University of Louisiana at Lafayette,University,Other,70504,High Energy Physics,14
Bess Vlaisavljevich,Female,University of South Dakota,University,Other,57069,Biological and Environmental Research,32
Yao Wang,Unknown,Clemson University,University,Other,29634,Basic Energy Sciences,83
Marissa L. Weichman,Female,Princeton University,University,Ivy League,08544,Basic Energy Sciences,N/A
Antoine Wojdyla,Male,Lawrence Berkeley National,Unknown,,94710,Basic Energy Sciences,12
Shuolong Yang,Unknown,The University of Chicago,University,Private,60637,Basic Energy Sciences,20
Mimi C. Yung,Female,Lawrence Livermore National Laboratory,National Lab,,94550,Basic Energy Sciences,12
Michael Zaletel,Male,"University of California, Berkeley",University,State/Public,94720,Biological and Environmental Research,53
Zhiyang Zhai,Unknown,Brookhaven National Laboratory,National Lab,,11973,Basic Energy Sciences,16
Xiao-Xiao Zhang,Unknown,University of Florida,University,State/Public,32611,Basic Energy Sciences,10
Guannan Zhang,Unknown,Oak Ridge National Laboratory,National Lab,,37830,Basic Energy Sciences,21
You Zhou,Unknown,University of Maryland,University,Other,20742,Basic Energy Sciences,147
Yuanyuan Zhu,Unknown,University of Connecticut,University,Other,06269,Basic Energy Sciences,21
Aleksandr V. Zhukhovitskiy,Male,University of North Carolina at Chapel Hill,University,State/Public,27599,Basic Energy Sciences,N/A
Gina C. Adam,Female,The George Washington University,University,Other,20052,,17
Whitney Armstrong,Male,Argonne National Laboratory,National Lab,,60439,Nuclear Physics,N/A
Miguel Arratia,Male,"University of California, Riverside",University,Other,92507,Nuclear Physics,18
Sayan Biswas,Unknown,University of Minnesota,University,State/Public,55455,Nuclear Physics,13
Steven J Blazewicz,Male,Lawrence Livermore National Laboratory,National Lab,,94550,Basic Energy Sciences,27
David Cesar,Male,SLAC National Accelerator Laboratory,National Lab,,94025,Basic Energy Sciences,22
Matthew B. Chambers,Male,Louisiana State University,University,Other,70803,Basic Energy Sciences,16
Nathaniel Chaney,Male,Duke University,University,Private,27708,Basic Energy Sciences,25
Xiaoqian Chen,Unknown,Brookhaven National Laboratory,National Lab,,11973,Basic Energy Sciences,24
Tyler Cocker,Male,Michigan State University,University,Other,48824,Basic Energy Sciences,20
Stacy M. Copp,Female,"University of California, Irvine",University,Other,92697,Basic Energy Sciences,N/A
Gavin Cornwell,Male,Pacific Northwest National Laboratory,National Lab,,99354,Basic Energy Sciences,14
Sneha P. Couvillion,Female,Pacific Northwest National Laboratory,National Lab,,99354,Biological and Environmental Research,17
Jacob Covey,Male,University of Illinois Urbana-Champaign,University,Other,80101,Biological and Environmental Research,25
Anil Damle,Male,Cornell University,University,Ivy League,14853,Nuclear Physics,16
Nelson Dzade,Male,Pennsylvania State University,University,Other,16802,Advanced Scientific Computing Research,36
Gilberto Fernandes Lopes Fabbris,Male,Argonne National Laboratory,National Lab,,60439,Basic Energy Sciences,N/A
Gianluca Geraci,Male,SLAC National Accelerator Laboratory,National Lab,,94025,Fusion Energy Sciences,17
Julia Gonski,Female,SLAC National Accelerator Laboratory,National Lab,,94025,Advanced Scientific Computing Research,162
Eduardo Higino da Silva Neto,Male,Yale University,University,Ivy League,06520,High Energy Physics,N/A
Alisa Javadi,Female,University of Oklahoma,University,Other,73019,High Energy Physics,22
Dafei Jin,Unknown,University of Notre Dame,University,Other,46556,Basic Energy Sciences,23
Carlee Joe-Wong,Female,Carnegie Mellon University,University,Other,15213,Basic Energy Sciences,34
Austin Joyce,Male,University of Chicago,University,Private,60637,Advanced Scientific Computing Research,33
Alvine Kamaha,Female,"University of California, Los Angeles (UCLA)",University,State/Public,90095,High Energy Physics,18
Shaina Kelly,Female,Columbia University,University,Ivy League,10027,High Energy Physics,13
Itamar Kimchi,Male,Georgia Institute of Technology,Unknown,,30332,Nuclear Physics,28
Lydia Kisley,Female,Case Western Reserve University,University,Other,44106,Basic Energy Sciences,20
Marek Kolmer,Male,Ames National Laboratory,National Lab,,50011,Basic Energy Sciences,22
Stephen Lam,Male,University of Massachusetts Lowell,University,Other,01854,Nuclear Physics,16
Amanda Lietz,Female,North Carolina State University,University,Other,27607,Fusion Energy Sciences,13
Fang Liu,Unknown,Emory University,University,Private,30322,Fusion Energy Sciences,133
Shusen Liu,Unknown,Lawrence Livermore National Laboratory,National Lab,,94550,Basic Energy Sciences,19
Whitney Loo,Male,University of Wisconsin-Madison,University,State/Public,53706,Advanced Scientific Computing Research,23
Matthew Loyd,Male,Oak Ridge National Laboratory,National Lab,,37830,Basic Energy Sciences,34
Yunqiu Kelly Luo,Unknown,University of Southern California,University,Private,90089,Basic Energy Sciences,12
David Martinez Caicedo,Male,South Dakota School of Mines and Technology,Unknown,,57701,Basic Energy Sciences,N/A
Liane M. Moreau,Female,Washington State University,University,Other,99164,Basic Energy Sciences,N/A
Ian Moult,Male,Yale University,University,Ivy League,06511,Basic Energy Sciences,N/A
Lukas Muechler,Male,Penn State University,University,Other,16802,High Energy Physics,29
Andy Nguyen,Male,"Elise Novitski, Assistant Professor",Unknown,,98195,Basic Energy Sciences,18
Kevin Pedro,Male,Fermi National Accelerator Laboratory,National Lab,,60510,Basic Energy Sciences,36
Bo Peng,Male,Pacific Northwest National Laboratory,National Lab,,99354,High Energy Physics,29
Jennifer Louise Pore,Female,Lawrence Berkeley National Laboratory,National Lab,,94720,Nuclear Physics,N/A
Wei Qin,Unknown,University of Oklahoma,University,Other,73019,Basic Energy Sciences,49
Lina Quan,Female,Virginia Polytechnic Institute and State University,University,Other,24061,Biological and Environmental Research,43
Dylan Rankin,Male,University of Pennsylvania,University,Ivy League,19104,Basic Energy Sciences,N/A
Alex J. Rinehart,Male,New Mexico Tech,Unknown,,87801,High Energy Physics,N/A
Sourabh K. Saha,Unknown,Georgia Institute of Technology,Unknown,,30332,Basic Energy Sciences,N/A
Thomas Scaffidi,Male,"University of California, Irvine",University,Other,92697,Fusion Energy Sciences,26
Daniel Schwalbe-Koda,Male,"University of California, Los Angeles",University,State/Public,90095,Basic Energy Sciences,18
Filippo Scotti,Male,Lawrence Livermore National Laboratory,National Lab,,94550,Basic Energy Sciences,26
S. Eileen Seo,Unknown,Arizona State University,University,Other,85281,Fusion Energy Sciences,13
Kyle Seyler,Female,The University of Arizona,University,Other,85721,Basic Energy Sciences,25
Sara Shamekh,Female,New York University,University,Private,10012,Basic Energy Sciences,7
Yu-Tsun Shao,Unknown,University of Southern California,University,Private,90089,Basic Energy Sciences,24
Philip Shushkov,Male,Indiana University,University,Other,47405,Basic Energy Sciences,14
Jennifer Shusterman,Female,Lawrence Livermore National Laboratory,National Lab,,94550,Isotope R&D and Production,11
Marien Simeni Simeni,Male,University of Minnesota,University,State/Public,55455,Isotope R&D and Production,13
Craig Snoeyink,Male,University of Buffalo,University,Other,14260,Basic Energy Sciences,9
Ioannis Spanopoulos,Male,University of South Florida,University,Other,33617,Basic Energy Sciences,45
Allison H. Squires,Female,The University of Chicago,University,Private,60637,Basic Energy Sciences,14
Xiao Su,Unknown,University of Illinois at Urbana-Champaign,University,State/Public,61801,Basic Energy Sciences,161
Carolin M. Sutter-Fella,Female,Lawrence Berkeley National Laboratory,National Lab,,94720,Basic Energy Sciences,38
Thi Vo,Female,Johns Hopkins University,University,Private,21218,Basic Energy Sciences,51
Kyle Wendt,Female,Lawrence Livermore National Laboratory,National Lab,,94550,Nuclear Physics,N/A
Shawn Westerdale,Male,"University of California, Riverside",University,Other,92521,Nuclear Physics,36
Lea R. Winter,Female,Yale University,University,Ivy League,06520,High Energy Physics,N/A
Mitchell A. Wood,Male,Sandia National Laboratories,National Lab,,87123,Basic Energy Sciences,19
W.L. Kimmy Wu,Unknown,SLAC National Accelerator Laboratory,National Lab,,94025,High Energy Physics,42
Yang Yang,Unknown,"University of California, Santa Barbra",University,Other,93106,Basic Energy Sciences,297
Mingwei Zhang,Unknown,"University of California, Davis",University,Other,95616,Basic Energy Sciences,14
Ben Zhu,Male,Lawrence Livermore National Laboratory,National Lab,,94550,Basic Energy Sciences,111
Cristal Zuniga,Female,San Diego State University,University,Other,92115,,23
Hussein Aluie,Male,University of Rochester,University,Other,14627,,27
Luca Argenti,Male,University of Central Florida,University,Other,32826,Fusion Energy Sciences,29
Veronica Augustyn,Female,North Carolina State University,University,Other,27695,Basic Energy Sciences,33
Kristin Burnum-Johnson,Female,Pacific Northwest National Laboratory,National Lab,,99352,Nuclear Physics,43
Viviana Cavaliere,Female,Brookhaven National Laboratory (BNL),National Lab,,11973,Biological and Environmental Research,N/A
Lan Cheng,Unknown,Johns Hopkins University,University,Private,21218,High Energy Physics,95
Miaofang Chi,Unknown,Oak Ridge National Laboratory (ORNL),National Lab,,37831,Basic Energy Sciences,96
Robert Coridan,Male,University of Arkansas,University,Other,72701,Nuclear Physics,18
Scott Cushing,Male,California Institute of Technology,University,Private,91125,Basic Energy Sciences,38
Shudipto Konika Dishari,Unknown,University of Nebraska-Lincoln,University,Other,68583,Nuclear Physics,12
Thomas Dumitrescu,Male,"University of California, Los Angeles",University,State/Public,90095,High Energy Physics,24
Cora Dvorkin,Female,Harvard University,University,Ivy League,02138,High Energy Physics,54
Tim Eifler,Male,University of Arizona,University,Other,85721,High Energy Physics,89
David Flaherty,Male,University of Illinois,University,Other,61820,High Energy Physics,43
Greeshma Gadikota,Unknown,Cornell University*,University,Ivy League,14850,Nuclear Physics,25
Diana Gamzina,Female,SLAC National Accelerator Laboratory,National Lab,,94025,High Energy Physics,22
Arianna Gleason,Female,SLAC National Accelerator Laboratory,National Lab,,94025,Fusion Energy Sciences,28
Sowjanya Gollapinni,Unknown,University of Tennessee,University,Other,37996,Fusion Energy Sciences,N/A
Karl D. Hammond,Male,University of Missouri,University,Other,65211,High Energy Physics,27
Scott Hertel,Male,"University of Massachusetts, Amherst",University,Other,01003,Nuclear Physics,52
Jier Huang,Unknown,Marquette University,University,Other,53201,Basic Energy Sciences,41
Stratos Idreos,Male,Harvard University,University,Ivy League,02138,Basic Energy Sciences,43
Laura Jeanty,Female,University of Oregon,University,Other,97403,Advanced Scientific Computing Research,N/A
M. Benjamin Jungfleisch,Unknown,University of Delaware,University,Other,19716,High Energy Physics,37
Jyoti Katoch,Female,Carnegie Mellon University,University,Other,15213,Basic Energy Sciences,20
Kibaek Kim,Unknown,Argonne National Laboratory (ANL),National Lab,,60439,Advanced Scientific Computing Research,15
Elisabeth Krause,Female,University of Arizona,University,Other,85721,High Energy Physics,82
Isaac J. Larsen,Male,University of Massachusetts – Amherst,University,Other,01003,High Energy Physics,N/A
David T. Limmer,Male,"University of California, Berkeley",University,State/Public,97410,Basic Energy Sciences,39
Lucas Lindsay,Male,Oak Ridge National Laboratory (ORNL),National Lab,,37831,Basic Energy Sciences,50
Cara Lubner,Female,National Renewable Energy Laboratory (NREL),National Lab,,80401,Basic Energy Sciences,N/A
Joseph M. Lukens,Male,Oak Ridge National Laboratory (ORNL),National Lab,,37831,Basic Energy Sciences,27
Pedro Machado,Male,Fermi National Accelerator Laboratory (FNAL),National Lab,,60510,High Energy Physics,65
Vladimir Manucharyan,Male,University of Maryland,University,Other,20742,Advanced Scientific Computing Research,N/A
Jared Maxson,Male,Cornell University,University,Ivy League,14850,Basic Energy Sciences,29
Ryan McBride,Male,University of Michigan,University,State/Public,48109,Fusion Energy Sciences,36
Josh Michener,Male,Oak Ridge National Laboratory,National Lab,,37830,Biological and Environmental Research,18
Kathryn Mohror,Female,Lawrence Livermore National Laboratory,National Lab,,94551,Advanced Scientific Computing Research,29
Brad Ramshaw,Male,Cornell University,University,Ivy League,14850,Nuclear Physics,37
Cindy Rubio Gonzalez,Female,"University of California, Davis",University,Other,95618,Advanced Scientific Computing Research,20
Ashkan Salamat,Unknown,University of Nevada,University,Other,89154,Basic Energy Sciences,26
Catherine Schuman,Female,Oak Ridge National Laboratory (ORNL),National Lab,,37831,Advanced Scientific Computing Research,33
Michael D. Shields,Male,Johns Hopkins University,University,Private,21218,Advanced Scientific Computing Research,30
Kevin Solomon,Male,Purdue University,University,Other,47907,Advanced Scientific Computing Research,22
Peter Sorensen,Male,Lawrence Berkeley National Laboratory,National Lab,,94720,High Energy Physics,53
James Stegen,Male,Pacific Northwest National Laboratory,National Lab,,99352,High Energy Physics,50
Timothy Stoltzfus-Dueck,Male,Princeton Plasma Physics Laboratory,National Lab,,08543,Biological and Environmental Research,N/A
Elijah Thimsen,Male,Washington University,University,Other,63130,Fusion Energy Sciences,28
Jeff Thompson,Male,Princeton University,University,Ivy League,08544,Fusion Energy Sciences,31
Ian A. Tonks,Male,University of Minnesota,University,State/Public,55455,Basic Energy Sciences,29
Nhan V. Tran,Male,Fermi National Accelerator Laboratory (FNAL),National Lab,,60510,Basic Energy Sciences,10
Ahmet Uysal,Male,Argonne National Laboratory (ANL),National Lab,,60439,High Energy Physics,22
Charuleka Varadharajan,Unknown,Lawrence Berkeley National Laboratory,National Lab,,94720,Basic Energy Sciences,27
David Vinyard,Male,Louisiana State University and A&M College,University,Other,70803,Biological and Environmental Research,31
Bin Wang,Unknown,University of Oklahoma,University,Other,73019,Basic Energy Sciences,164
Yangyang Wang,Unknown,Oak Ridge National Laboratory,National Lab,,37831,Basic Energy Sciences,37
Sarah J. Watzman,Female,University of Cincinnati,University,Other,45221,Basic Energy Sciences,N/A
Janelle P. Wharry,Female,Purdue University,University,Other,47907,Basic Energy Sciences,N/A
Jingke Xu,Unknown,Lawrence Livermore National Laboratory,National Lab,,94550,Basic Energy Sciences,55
Xingchen Xu,Unknown,Fermi National Accelerator Laboratory (FNAL),National Lab,,60510,High Energy Physics,4
Qimin Yan,Unknown,Temple University,University,Other,19122,High Energy Physics,41
Andriy Zakutayev,Male,National Renewable Energy Laboratory (NREL),National Lab,,80401,Basic Energy Sciences,59
Ilija Zeljkovic,Male,Boston College,University,Other,02467,Basic Energy Sciences,29
Kandis Leslie Gilliard-Abdul Aziz,Unknown,"University of California, Riverside",University,Other,92507,Basic Energy Sciences,N/A
Philip Adsley,Male,Texas A&M University,University,Other,77840,Nuclear Physics,19
Chibueze Amanchukwu,Unknown,The University of Chicago,University,Private,60637,Nuclear Physics,20
Bahar Asgari,Female,"University of Maryland, College Park",University,State/Public,20742,Basic Energy Sciences,14
Sam Barber,Male,Lawrence Berkeley National Laboratory,National Lab,,94720,Advanced Scientific Computing Research,23
Mathew R. Becker,Male,Argonne National Laboratory,National Lab,,60439,High Energy Physics,N/A
Julie Bessac,Female,Statistician National Renewable Energy,Unknown,,80401,High Energy Physics,12
Christian Boutan,Male,Pacific Northwest National Laboratory,National Lab,,99352,Advanced Scientific Computing Research,13
Mathew Brahlek,Male,Oak Ridge National Laboratory,National Lab,,37830,High Energy Physics,N/A
James Daniel Brandenburg,Male,Ohio State University,University,State/Public,43210,Basic Energy Sciences,55
Jennifer Brophy,Female,"Stanford, CA",Unknown,,94305,Nuclear Physics,14
Elizabeth Brost,Female,Brookhaven National,Unknown,,11973,Biological and Environmental Research,N/A
Lucas Brouwer,Male,Lawrence Berkeley National Laboratory,National Lab,,94720,High Energy Physics,20
Steven Brus,Male,Argonne National Laboratory,National Lab,,60439,High Energy Physics,39
Jonathan D. Burns,Male,University of Alabama at Birmingham,University,Other,35294,Biological and Environmental Research,14
John F. Cahill,Male,Oak Ridge National Laboratory,National Lab,,37831,Isotope R&D and Production,19
Yue Cao,Unknown,Argonne National Laboratory,National Lab,,60439,Biological and Environmental Research,51
Lane Carasik,Male,"University Richmond, Virginia",University,Other,23284,Fusion Energy Sciences,6
Korey P. Carter,Male,University of Iowa,University,Other,52242,Fusion Energy Sciences,N/A
Daniel Casey,Male,Lawrence Livermore National Laboratory (LLNL),National Lab,,94550,Basic Energy Sciences,29
Tirthankar Chakraborty,Unknown,Atmospheric Sciences and Global Change,Unknown,,99354,Fusion Energy Sciences,22
Fanglin Che,Unknown,University of Massachusetts Lowell,University,Other,01854,Biological and Environmental Research,24
Martin Claassen,Male,Astronomy University of Pennsylvania,University,Ivy League,19104,Basic Energy Sciences,24
Kensha Marie Clark,Unknown,University of Mississippi,University,Other,38677,Basic Energy Sciences,N/A
Laura de Sousa Oliveira,Female,University of Wyoming,University,Other,82071,High Energy Physics,9
Gauthier J.-P. Deblonde,Male,Lawrence Livermore National Laboratory,National Lab,,94550,Basic Energy Sciences,N/A
Maria Laura di Vacri,Female,Pacific Northwest National Laboratory,National Lab,,99352,Nuclear Physics,N/A
Leah G. Dodson,Female,Biochemistry University of Maryland,University,Other,20742,Nuclear Physics,9
Dong,Unknown,"University of Oklahoma,",University,Other,73019,Basic Energy Sciences,224
Chuanfei Dong,Unknown,Boston University,University,Other,02215,Basic Energy Sciences,40
Leora Dresselhaus-Marais,Female,Stanford University,University,Private,94305,Fusion Energy Sciences,12
Vinicius Duarte,Male,Princeton Plasma Physics Laboratory,National Lab,,08540,Basic Energy Sciences,21
Guillaume Duclos,Male,Physics Brandeis University,University,Other,02453,Fusion Energy Sciences,16
Eugene Dumitrescu,Male,Computational Science and Engineering,Unknown,,37831,Basic Energy Sciences,22
Raghav Kunnawalkam Elayavalli,Unknown,Vanderbilt University,University,Other,37240,Advanced Scientific Computing Research,N/A
Claudio Emma,Male,Advanced Accelerator Research,Unknown,,94025,Nuclear Physics,19
Guillermo Fernandez Moroni,Male,Fermi National Accelerator Laboratory,National Lab,,60510,High Energy Physics,N/A
Rich Fiorella,Male,Los Alamos National Laboratory,National Lab,,87544,High Energy Physics,14
Holly B. Flynn,Female,Savannah River National,Unknown,,29808,Biological and Environmental Research,N/A
Fereshte Ghahari Kermani,Unknown,George Mason University,University,Other,22030,Fusion Energy Sciences,N/A
Nikolay Golubev,Male,University of Arizona,University,Other,85721,Basic Energy Sciences,14
Laura Gunn,Female,"School of Integrative Plant Sciences, Plant Biology",Unknown,,14853,Basic Energy Sciences,21
Shabnam Hematian,Unknown,University of North Carolina at Greensboro,University,Other,27402,Basic Energy Sciences,10
Robert Hovden,Male,University of Michigan,University,State/Public,48109,Basic Energy Sciences,45
Ezio Iacocca,Male,Science University of Colorado Colorado,University,Other,80918,Basic Energy Sciences,28
Lise-Marie Imbert-Gerard,Unknown,"Arizona Board of Regents, University of Arizona",University,Other,85721,Basic Energy Sciences,11
Nicholas Jackson,Male,"University of Illinois, Urbana-Champaign",University,Other,61801,Basic Energy Sciences,41
Jing Li,Unknown,New Jersey Institute of,Unknown,,07102,Basic Energy Sciences,118
Julia Kalow,Female,Chemistry Northwestern,Unknown,,60201,Basic Energy Sciences,28
Brendan Keith,Male,Brown University,University,Ivy League,02912,Basic Energy Sciences,29
Takaaki Koyanagi,Male,Oak Ridge National Laboratory,National Lab,,37831,Advanced Scientific Computing Research,35
Benjamin A. Legg,Male,Pacific Northwest National Laboratory,National Lab,,99352,Fusion Energy Sciences,18
Wenjing Liao,Unknown,Georgia Institute of Technology,Unknown,,30332,Basic Energy Sciences,18
Kun Liu,Unknown,Los Alamos National Laboratory (LANL),National Lab,,87545,Nuclear Physics,158
Andrey Lokhov,Male,Los Alamos National Laboratory,National Lab,,87545,Advanced Scientific Computing Research,19
Dan Lu,Male,Oak Ridge National Laboratory,National Lab,,37831,Advanced Scientific Computing Research,86
Niall Mangan,Male,Mathematics Northwestern University,University,Private,60208,Biological and Environmental Research,19
Chris Marshall,Male,University of Rochester,University,Other,14627,Advanced Scientific Computing Research,61
C. Michael McGuirk,Unknown,Mines,Unknown,,80401,Basic Energy Sciences,20
James McIver,Male,Physics Columbia University,University,Ivy League,10027,Basic Energy Sciences,18
Bernhard Mistlberger,Male,SLAC National Accelerator Laboratory,National Lab,,94025,Basic Energy Sciences,37
Julia Moriarty,Female,University of Colorado Boulder,University,Other,80303,Basic Energy Sciences,11
Johanna Nelson Weker,Female,Lightsource SLAC National Accelerator,Unknown,,94025,Basic Energy Sciences,38
Hyunseok Oh,Unknown,University of Wisconsin-Madison,University,State/Public,53706,Basic Energy Sciences,21
Elizabeth Paul,Female,Columbia University,University,Ivy League,10027,Nuclear Physics,15
Adam Printz,Male,University of Arizona,University,Other,85721,Fusion Energy Sciences,26
Jin Qian,Female,Lawrence Berkeley National Laboratory,National Lab,,94720,Basic Energy Sciences,34
Felix Ringer,Male,Old Dominion University,University,Other,23529,Basic Energy Sciences,38
Annette Rowe,Female,"Cincinnati Cincinnati,",Unknown,,45221,Nuclear Physics,21
Derek Schaeffer,Male,"Astronomy University of California, Los",University,Other,90095,Basic Energy Sciences,21
Arunima Singh,Unknown,Arizona State University,University,Other,85287,Fusion Energy Sciences,24
Hillary Smith,Female,Astronomy Swarthmore College,University,Other,19081,Basic Energy Sciences,35
Erin Stache,Female,Princeton University,University,Ivy League,08544,Basic Energy Sciences,13
Mathew A. Steiner,Male,Engineering University of Cincinnati,University,Other,45223,Basic Energy Sciences,14
Esther Tsai,Female,"Laboratory Upton, NY",Unknown,,11973,Basic Energy Sciences,21
Omar Valsson,Male,University of North Texas,University,Other,76201,Basic Energy Sciences,22
Ying Wang,Unknown,University of Wisconsin-Madison,University,State/Public,53706,Basic Energy Sciences,78
Cory Windorff,Male,Biochemistry New Mexico State University,University,Other,88003,Basic Energy Sciences,19
Derong Xu,Unknown,Brookhaven National Laboratory,National Lab,,11973,Nuclear Physics,12
Da Yan,Unknown,University of Alabama at,University,Other,35294,Nuclear Physics,283
Joanna M Zajac,Female,Brookhaven National Laboratory,National Lab,,11789,Basic Energy Sciences,10
Yu Zhang,Unknown,Los Alamos National Laboratory,National Lab,,87545,Basic Energy Sciences,110
Youtong Zheng,Unknown,"Boston College,",University,Other,02467,Basic Energy Sciences,18
Brian Zhou,Male,"Boston College,",University,Other,02467,Biological and Environmental Research,16
Silvia Zorzeti,Female,Fermi National Accelerator Laboratory,National Lab,,60510,Basic Energy Sciences,11
Michael Zuerch,Male,"University of California, Berkeley",University,State/Public,94720,High Energy Physics,114
Daniel Bardayan,Male,Oak Ridge National Laboratory,National Lab,,37831,Nuclear Physics,38
Christian Bauer,Male,Lawrence Berkeley National Laboratory,National Lab,,94720,High Energy Physics,50
Ivan Bazarov,Male,Cornell University,University,Ivy League,14850,Basic Energy Sciences,37
Philip Bingham,Male,Oak Ridge National Laboratory,National Lab,,37831,Basic Energy Sciences,18
Stanislav Boldyrev,Male,University of Wisconsin,University,Other,53715,Basic Energy Sciences,N/A
Grigory Bronevetsky,Male,Lawrence Livermore National Laboratory,National Lab,,94550,Advanced Scientific Computing Research,N/A
Martin Centurion,Male,University of Nebraska,University,Other,68588,Basic Energy Sciences,32
Patrick Yin Chiang,Male,Oregon State University,University,Other,97331,Advanced Scientific Computing Research,N/A
Luisa Chiesa,Female,Miami University,University,Other,45056,Fusion Energy Sciences,22
Samantha Daly,Female,University of Michigan,University,State/Public,48109,Basic Energy Sciences,16
Yuantao Ding,Unknown,SLAC National Accelerator Laboratory,National Lab,,94025,Basic Energy Sciences,N/A
David Erickson,Male,Cornell University,University,Ivy League,14853,Basic Energy Sciences,68
Amir Farbin,Male,"University of Texas, Arlington",University,Other,76019,High Energy Physics,N/A
Daniel Fredrickson,Male,University of Wisconsin,University,Other,53715,Basic Energy Sciences,29
Andrew Gaunt,Male,Los Alamos National Laboratory,National Lab,,87545,Basic Energy Sciences,N/A
Adrian Gozar,Male,Brookhaven National Laboratory,National Lab,,11973,Basic Energy Sciences,25
William Gustafson,Male,Pacific Northwest National Laboratory,National Lab,,99352,Biological and Environmental Research,35
Valerie Halyo,Female,University of Colorado,University,Other,80309,High Energy Physics,N/A
Michael Hermele,Male,University of Colorado,University,Other,80309,Basic Energy Sciences,37
Patrick Huber,Male,Virginia Polytechnic Institute and State University,University,Other,24061,High Energy Physics,65
Christiane Jablonowski,Female,University of Michigan,University,State/Public,48109,Advanced Scientific Computing Research,36
Arthi Jayaraman,Unknown,University of Colorado,University,Other,80309,Basic Energy Sciences,38
Rubin Juanes,Male,University of Maryland,University,Other,20742,Basic Energy Sciences,66
Matias Kirst,Male,University of Florida,University,State/Public,32611,Biological and Environmental Research,48
John Kitchin,Male,Carnegie Mellon University,University,Other,15213,Basic Energy Sciences,46
Michael Kohl,Male,Hampton University,University,Other,23668,Nuclear Physics,110
Matthew Law,Male,"University of California, Irvine",University,Other,92697,Basic Energy Sciences,103
Rupak Mahapatra,Unknown,Texas A&M University,University,Other,77845,High Energy Physics,75
Alysia Marino,Female,University of Colorado,University,Other,80309,High Energy Physics,69
Christina Markert,Female,University of Texas at Austin,University,State/Public,78712,Nuclear Physics,24
Youssef Marzouk,Male,Los Alamos National Laboratory,National Lab,,87545,Advanced Scientific Computing Research,46
Christopher Mauger,Male,Los Alamos National Laboratory,National Lab,,87545,High Energy Physics,N/A
Nathan McDowell,Male,Los Alamos National Laboratory,National Lab,,87545,Biological and Environmental Research,93
Antonino Miceli,Male,Argonne National Laboratory,National Lab,,60439,Basic Energy Sciences,20
Delia Milliron,Female,Lawrence Berkeley National Laboratory,National Lab,,94720,Basic Energy Sciences,71
Denes Molnar,Unknown,Purdue University,University,Other,47907,Nuclear Physics,97
Benjamin Monreal,Male,"University of California, Santa Barbara",University,Other,93106,Nuclear Physics,32
Tobin Munsat,Male,University of Colorado,University,Other,80309,Fusion Energy Sciences,35
Pavel Nadolsky,Male,Southern Methodist University,University,Other,75205,High Energy Physics,59
Jeffrey Newman,Male,University of Pittsburgh,University,Other,15213,High Energy Physics,124
Jennifer O'Donnell,Female,Iowa State University,University,Other,50011,Basic Energy Sciences,8
Victoria Orphan,Female,California institute of Technology,University,Private,91125,Biological and Environmental Research,66
Kalyan Perumalla,Male,Oak Ridge National Laboratory,National Lab,,37831,Advanced Scientific Computing Research,34
Eric Potma,Male,"University of California, Irvine",University,Other,92697,Basic Energy Sciences,56
Jonathan Schilling,Male,University of Minnesota,University,State/Public,55455,Biological and Environmental Research,50
Matthew Schwartz,Male,SLAC National Accelerator Laboratory,National Lab,,94025,High Energy Physics,58
Ariel Schwartzman,Male,SLAC National Accelerator Laboratory,National Lab,,94025,High Energy Physics,N/A
Athena Sefat,Female,Oak Ridge National Laboratory,National Lab,,37831,Basic Energy Sciences,64
Wendy Shaw,Female,Pacific Northwest National Laboratory,National Lab,,99352,Basic Energy Sciences,49
David Shih,Male,Los Alamos National Laboratory,National Lab,,87545,High Energy Physics,38
Evgenya Smirnova,Female,Los Alamos National Laboratory,National Lab,,87545,High Energy Physics,5
Vsevolod Soukhanovskii,Male,Lawrence Livermore National Laboratory,National Lab,,94550,High Energy Physics,N/A
Michelle Strout,Female,Colorado State University,University,Other,80523,Advanced Scientific Computing Research,28
Tsuyoshi Tajima,Male,Los Alamos National Laboratory,National Lab,,87545,Nuclear Physics,16
Christine Thomas,Female,Washington State University,University,Other,99164,Basic Energy Sciences,43
Timothy VanReken,Male,Washington State University,University,Other,99164,Biological and Environmental Research,21
Anil Vullikanti,Male,Virginia Polytechnic Institute and State University,University,Other,24060,Advanced Scientific Computing Research,49
Feng Wang,Unknown,"University of California, Berkeley",University,State/Public,94704,Basic Energy Sciences,130
Mort Webster,Male,Northwestern University,University,Private,60208,Biological and Environmental Research,35
Emily Weiss,Female,Northwestern University,University,Private,60208,Basic Energy Sciences,68
Feng Yuan,Unknown,Lawrence Berkeley National Laboratory,National Lab,,94720,Nuclear Physics,116
Xiaochao Zheng,Unknown,University of Virginia,University,Other,22904,Nuclear Physics,58
Michael Arnold,Male,University of Wisconsin,University,Other,53706,Basic Energy Sciences,55
Nina Balke,Female,Oak Ridge National Laboratory,National Lab,,37831,Basic Energy Sciences,64
Timothy Bertram,Male,"University of California, San Diego",University,State/Public,92093,Biological and Environmental Research,57
Guillaume Blanquart,Male,California Institute of Technology,University,Private,91125,Basic Energy Sciences,34
Ricardo Castro,Male,"University of California, Davis",University,Other,95616,Basic Energy Sciences,34
Jennifer Cha,Female,"University of California, San Diego",University,State/Public,92093,Basic Energy Sciences,37
Youping Chen,Unknown,University of Florida,University,State/Public,32611,Basic Energy Sciences,40
Aaron Chou,Male,Fermi National Accelerator Laboratory,National Lab,,60510,High Energy Physics,5
Paul Dauenhauer,Male,University of Massachusetts Amherst,University,Other,01003,Basic Energy Sciences,51
Sarah Demers,Female,Yale University,University,Ivy League,06520,High Energy Physics,N/A
Shen Dillon,Unknown,University of Illinois at Urbana‐Champaign,University,Other,61820,Basic Energy Sciences,41
Mircea Dinca,Male,Massachusetts Institute of Technology,University,Private,02139,Basic Energy Sciences,90
Alireza Doostan,Male,University of Colorado,University,Other,80309,Advanced Scientific Computing Research,37
Jozef Dudek,Male,Old Dominion University,University,Other,23529,Nuclear Physics,45
Mary Dunlop,Female,University of Vermont,University,Other,05405,Biological and Environmental Research,28
Gurudev Dutt,Unknown,University of Pittsburgh,University,Other,15260,Basic Energy Sciences,18
Pavel Evtushenko,Male,Thomas Jefferson National Accelerator Facility,National Lab,,23606,Basic Energy Sciences,15
Michael Galperin,Male,"University of California, San Diego",University,State/Public,92093,Basic Energy Sciences,90
Nuh Gedik,Male,Massachusetts Institute of Technology,University,Private,02139,Basic Energy Sciences,53
Kai Germaschewski,Male,University of New Hampshire,University,Other,03824,Basic Energy Sciences,29
Jeffrey Greeley,Male,Argonne National Laboratory,National Lab,,60439,Fusion Energy Sciences,88
Julia Greer,Female,California Institute of Technology,University,Private,91125,Basic Energy Sciences,80
Markus Guehr,Male,SLAC National Acceleratory Laboratory,Unknown,,94025,Basic Energy Sciences,37
Carter Hall,Male,University of Maryland,University,Other,20742,High Energy Physics,76
Thomas Hamann,Male,Michigan State University,University,Other,48824,Basic Energy Sciences,52
Ryan Hayward,Male,University of Massachusetts Amherst,University,Other,01003,Basic Energy Sciences,68
Samuel Hazen,Male,University of Massachussetts Amherst,University,Other,01003,Biological and Environmental Research,34
Chris Hirata,Male,California Institute of Technology,University,Private,91125,High Energy Physics,N/A
Yongqin Jiao,Unknown,Lawrence Livermore National Laboratory,National Lab,,94550,Biological and Environmental Research,29
Anantharaman Kalyanaraman,Unknown,Washington State University,University,Other,99164,Advanced Scientific Computing Research,27
James Kneller,Male,North Carolina State University,University,Other,27695,Nuclear Physics,27
Suzanne Lapi,Female,Washington University,University,Other,63110,Nuclear Physics,37
Minhyea Lee,Unknown,University of Colorado,University,Other,80309,Basic Energy Sciences,23
Peter Lindstrom,Male,Lawrence Livermore National Laboratory,National Lab,,94550,Advanced Scientific Computing Research,41
Rene Lopez,Male,University of North Carolina,University,Other,27599,Basic Energy Sciences,39
Matthew Marshall,Male,Pacific Northwest National Laboratory,National Lab,,99352,Basic Energy Sciences,26
Daniel Melconian,Male,Texas A&M University,University,Other,77843,Nuclear Physics,N/A
Peter Mueller,Male,Argonne National Laboratory,National Lab,,60439,Nuclear Physics,86
Alberto Nicolis,Male,Columbia University,University,Ivy League,10027,High Energy Physics,N/A
Christoph Niemann,Male,"University of California, Los Angeles",University,State/Public,90095,Fusion Energy Sciences,33
Jonathan Owen,Male,Columbia University,University,Ivy League,10027,Fusion Energy Sciences,63
Ryan Patterson,Male,California Institute of Technology,University,Private,91125,Basic Energy Sciences,4
Thomas Prolier,Male,Argonne National Laboratory,National Lab,,60439,High Energy Physics,N/A
Tatiana Prozorov,Female,Ames Laboratory,Unknown,,50011,Basic Energy Sciences,32
Sofia Quaglioni,Female,Lawrence Livermore National Laboratory,National Lab,,94551,Nuclear Physics,36
Alexander Romanenko,Male,Fermi National Accelerator Laboratory,National Lab,,60510,Nuclear Physics,37
David Savage,Male,"University of California, Berkeley",University,State/Public,94720,Basic Energy Sciences,41
Eric Schelter,Male,University of Pennsylvania,University,Ivy League,19104,Basic Energy Sciences,54
Xipeng Shen,Unknown,College of William and Mary,University,Other,23187,Basic Energy Sciences,40
Daniel Sinars,Male,Sandia National Laboratories,National Lab,,87185,Advanced Scientific Computing Research,5
Anze Slosar,Unknown,Brookhaven National Laboratory,National Lab,,11973,High Energy Physics,90
Alexandre Tartakovsky,Male,Pacific Northwest National Laboratory,National Lab,,99352,Advanced Scientific Computing Research,46
Alexis Templeton,Male,University of Colorado,University,Other,80309,Basic Energy Sciences,42
Jesse Thaler,Male,Massachusetts Institute of Technology,University,Private,02139,High Energy Physics,76
Susannah Tringe,Female,Lawrence Berkeley National Laboratory,National Lab,,94720,Biological and Environmental Research,92
Ezekial Unterberg,Unknown,Oak Ridge National Laboratory,National Lab,,37831,Biological and Environmental Research,32
Anastasia Volovich,Female,Brown University,University,Ivy League,02912,High Energy Physics,50
Francesco Volpe,Male,University of Wisconsin,University,Other,53706,High Energy Physics,27
Faya Wang,Unknown,SLAC National Acceleratory Laboratory,Unknown,,94025,High Energy Physics,9
Anne White,Female,Massachusetts Institute of Technology,University,Private,02139,High Energy Physics,56
Zhigang Wu,Unknown,Colorado School of Mines,Unknown,,80401,Basic Energy Sciences,56
Junqiao Wu,Unknown,"University of California, Berkeley",University,State/Public,94720,Basic Energy Sciences,94
Jinlong Zhang,Unknown,Argonne National Laboratory,National Lab,,60439,High Energy Physics,121
Pengpeng Zhang,Unknown,Michigan State University,University,Other,48824,Basic Energy Sciences,22
Haimei Zheng,Unknown,Lawrence Berkeley National Laboratory,National Lab,,94720,Basic Energy Sciences,71
Kirstin Alberi,Female,National Renewable Energy Laboratory,National Lab,,80401,Basic Energy Sciences,21
John Asbury,Male,Pennsylvania State University,University,Other,16802,Basic Energy Sciences,12
Pavan Balaji,Unknown,Argonne National Laboratory,National Lab,,60439,Advanced Scientific Computing Research,47
Jesse Berezovsky,Male,Case Western Reserve University,University,Other,44106,Basic Energy Sciences,21
Theodore Betley,Male,Harvard University,University,Ivy League,02138,Basic Energy Sciences,45
Aditya Bhan,Male,University of Minnesota,University,State/Public,55455,Basic Energy Sciences,56
Kristen Buchanan,Female,Colorado State University,University,Other,80523,Basic Energy Sciences,22
Gianpaolo Carosi,Male,Lawrence Livermore National Laboratory,National Lab,,94550,High Energy Physics,N/A
Brendan Casey,Male,Fermi National Accelerator Laboratory,National Lab,,60510,High Energy Physics,35
Hank Childs,Male,Lawrence Berkeley National Laboratory,National Lab,,94720,Advanced Scientific Computing Research,52
Amy Clarke,Female,Los Alamos National Laboratory,National Lab,,87545,Basic Energy Sciences,39
Nicolas Commaux,Male,Oak Ridge National Laboratory,National Lab,,37831,Basic Energy Sciences,N/A
Silviu Covrig,Male,Thomas Jefferson National Accelerator Facility,National Lab,,23606,Nuclear Physics,N/A
Christopher Crawford,Male,University of Kentucky,University,Other,40506,Nuclear Physics,36
Aleksandar Donev,Male,New York University,University,Private,10012,Advanced Scientific Computing Research,48
Gary Douberly,Male,University of Georgia,University,Other,30602,Advanced Scientific Computing Research,33
Xiangfeng Duan,Unknown,"University of California, Los Angeles",University,State/Public,90095,Basic Energy Sciences,158
Huaiyu Duan,Unknown,University of New Mexico,University,Other,87131,Nuclear Physics,31
John Dueber,Male,"University of California, Berkeley",University,State/Public,94720,Biological and Environmental Research,36
Mattan Erez,Unknown,University of Texas,University,Other,78712,Advanced Scientific Computing Research,43
Rouven Essig,Male,Stony Brook University,University,Other,11794,High Energy Physics,N/A
Joshua Figueroa,Male,"University of California, San Diego",University,State/Public,92093,High Energy Physics,N/A
Charles Folden III,Male,Texas A&M University,University,Other,77843,Nuclear Physics,31
Oliver Gessner,Male,Lawrence Berkeley National Laboratory,National Lab,,94720,Basic Energy Sciences,36
Daniel Gianola,Male,University of Pennsylvania,University,Ivy League,19104,Basic Energy Sciences,81
Sean Hartnoll,Male,Stanford University,University,Private,94305,Basic Energy Sciences,57
Daniel Hayes,Male,Oak Ridge National Laboratory,National Lab,,37831,High Energy Physics,148
Anne Jones,Female,Arizona State University,University,Other,85287,Basic Energy Sciences,62
Rohit Karnik,Unknown,Massachusetts Institute of Technology,University,Private,02139,Basic Energy Sciences,60
Daniel Kasen,Male,"University of California, Berkeley",University,State/Public,94720,Nuclear Physics,89
Andreas Kemp,Male,Lawrence Livermore National Laboratory,National Lab,,94550,Nuclear Physics,37
Svetlana Kilina,Female,North Dakota State University,University,Other,58108,Basic Energy Sciences,45
Matthias Kling,Male,Kansas State University,University,Other,66506,Basic Energy Sciences,63
Lu Li,Unknown,University of Michigan,University,State/Public,48109,Basic Energy Sciences,100
Rachel Mandelbaum,Female,Carnegie Mellon University,University,Other,15213,High Energy Physics,N/A
Jaime Marian,Male,Lawrence Livermore National Laboratory,National Lab,,94550,Fusion Energy Sciences,46
James McKinlay,Male,Indiana University,University,Other,47405,Fusion Energy Sciences,29
Nikhil Padmanabhan,Male,Yale University,University,Ivy League,06520,High Energy Physics,83
Steven Pain,Male,Oak Ridge National Laboratory,National Lab,,37831,High Energy Physics,75
Felix Parra Diaz,Male,Massachusetts Institute of Technology,University,Private,02139,Nuclear Physics,N/A
Samuel Payne,Male,Pacific Northwest National Laboratory,National Lab,,99352,Fusion Energy Sciences,49
Jennifer Reed,Female,University of Wisconsin,University,Other,53706,Biological and Environmental Research,33
Paul Romatschke,Male,University of Colorado,University,Other,80309,Biological and Environmental Research,45
Volker Rose,Male,Argonne National Laboratory,National Lab,,60439,Basic Energy Sciences,32
Ozgur Sahin,Unknown,Columbia University,University,Ivy League,10027,Basic Energy Sciences,34
Tina Salguero,Female,University of Georgia,University,Other,30602,Basic Energy Sciences,37
Leonardo Senatore,Male,Stanford University,University,Private,94305,Basic Energy Sciences,N/A
Tengming Shen,Unknown,Fermi National Accelerator Laboratory,National Lab,,60510,High Energy Physics,24
Pavel Snopok,Male,Illinois Institute of Technology,Unknown,,60616,High Energy Physics,35
Santiago Solares,Male,University of Maryland,University,Other,20742,Basic Energy Sciences,34
Garrett Suen,Male,University of Wisconsin,University,Other,53715,Biological and Environmental Research,54
Mitra Taheri,Female,Drexel University,University,Other,19104,Biological and Environmental Research,48
Ivan Vitev,Male,Los Alamos National Laboratory,National Lab,,87545,Nuclear Physics,66
Haim Waisman,Male,Columbia University,University,Ivy League,10027,Advanced Scientific Computing Research,41
Lisa Whitehead,Female,University of Houston,University,Other,77204,High Energy Physics,42
Richard Wilson,Male,Argonne National Laboratory,National Lab,,60439,High Energy Physics,224
Kevin Wilson,Male,Lawrence Berkeley National Laboratory,National Lab,,94720,Basic Energy Sciences,64
Weida Wu,Unknown,Rutgers University,University,Other,08854,Basic Energy Sciences,39
Dao Xiang,Female,University of Washington,University,State/Public,98195,Basic Energy Sciences,15
Xiaodong Xu,Unknown,University of Washington,University,State/Public,98195,Basic Energy Sciences,109
Ming Ye,Unknown,Florida State University,University,Other,32306,Biological and Environmental Research,58
Jamey Young,Male,Vanderbilt University,University,Other,37235,Biological and Environmental Research,68
Victor Zavala,Male,Argonne National Laboratory,National Lab,,60439,Advanced Scientific Computing Research,47
Junjie Zhu,Unknown,University of Michigan,University,State/Public,48109,High Energy Physics,13
Joshua Zide,Male,University of Delaware,University,Other,19716,Basic Energy Sciences,36
Thomas Bligaard,Male,SLAC National Accelerator Laboratory,National Lab,,94025,Basic Energy Sciences,70
Adam S. Bolton,Male,University of Utah,University,Other,84112,High Energy Physics,N/A
Cheng Cen,Unknown,West Virginia University,University,Other,26506,Basic Energy Sciences,83
Clarence L. Chang,Male,Argonne National Laboratory,National Lab,,60439,Basic Energy Sciences,7
Clifford W. Cheung,Male,California Institute of Technology,University,Private,91125,High Energy Physics,N/A
Sigrid Close,Female,Stanford University,University,Private,94305,Fusion Energy Sciences,30
Heather D. Coleman,Female,Syracuse University,University,Other,13244,Fusion Energy Sciences,N/A
Valentino R. Cooper,Male,Oak Ridge National Laboratory,National Lab,,37831,Biological & Environmental Research,44
Frank E. Curtis,Male,Lehigh University,University,Other,18015,Advanced Scientific Computing Research,32
Richard Dawes,Male,Missouri University of Science and Technology,University,Other,65409,Basic Energy Sciences,37
William Detmold,Male,Massachusetts Institute of Technology,University,Private,02139,Nuclear Physics,59
Jason A. Detwiler,Male,University of Washington,University,State/Public,98195,Nuclear Physics,57
Ahmed Diallo,Male,Princeton Plasma Physics Laboratory,National Lab,,08543,Nuclear Physics,42
Daniel B. Dougherty,Male,North Carolina State University,University,Other,27695,Basic Energy Sciences,N/A
Krzysztof J. Fidkowski,Male,University of Michigan,University,State/Public,48109,Advanced Scientific Computing Research,N/A
Felix R. Fischer,Male,"University of California, Berkeley",University,State/Public,94704,Basic Energy Sciences,41
Liang Fu,Unknown,Massachusetts Institute of Technology,University,Private,02139,Basic Energy Sciences,103
Etienne Garand,Male,University of Wisconsin‐Madision,University,Other,53715,Basic Energy Sciences,28
Emanuel Gull,Male,University of Michigan,University,State/Public,48109,Basic Energy Sciences,56
Ruilan Guo,Unknown,University of Notre Dame,University,Other,46556,Basic Energy Sciences,35
Gaute Hagen,Male,Oak Ridge National Laboratory,National Lab,,37831,Basic Energy Sciences,59
Daniel J. Haxton,Male,Lawrence Berkeley National Laboratory,National Lab,,94720,Basic Energy Sciences,N/A
Jason P. Hayward,Male,The University of Tennessee,University,Other,37996,Basic Energy Sciences,15
Alexander Hexemer,Male,Lawrence Berkeley National Laboratory,National Lab,,94720,Basic Energy Sciences,N/A
Stefan Hoeche,Male,SLAC National Accelerator Laboratory,National Lab,,94205,Basic Energy Sciences,63
Andrew G. Ivanov,Male,Kansas State University,University,Other,66506,High Energy Physics,N/A
Marian Jandel,Male,Los Alamos National Laboratory,National Lab,,87545,Nuclear Physics,31
Matthew C. Jewell,Male,University of Wisconsin‐Eau Claire,University,Other,54702,Nuclear Physics,N/A
Sriram Krishnamoorthy,Unknown,Pacific Northwest National Laboratory,National Lab,,99352,Advanced Scientific Computing Research,57
Milind Kulkarni,Unknown,Purdue University,University,Other,47906,Advanced Scientific Computing Research,36
Keji Lai,Unknown,University of Texas at Austin,University,State/Public,78712,Basic Energy Sciences,45
Dominique Loque,Unknown,University of Hawaii,University,Other,96822,Basic Energy Sciences,N/A
Jelena Maricic,Female,University of Hawaii,University,Other,96822,Biological & Environmental Research,61
Benjamin J. McMorran,Male,University of Oregon,University,Other,97403,Basic Energy Sciences,23
William E. Mustain,Male,University of Connecticut,University,Other,06269,Basic Energy Sciences,55
Rebecca B. Neumann,Female,University of Washington,University,State/Public,98195,Basic Energy Sciences,24
Michelle A. O'Malley,Female,"University of California, Santa Barbara",University,Other,93106,Biological & Environmental Research,38
Gabriel D. Orebi Gann,Male,"University of California, Berkeley",University,State/Public,94704,Biological & Environmental Research,N/A
Toyoko Jennifer Orimoto,Female,Northeastern University,University,Other,02115,High Energy Physics,N/A
Johnpierre Paglione,Unknown,University of Maryland,University,Other,20742,Basic Energy Sciences,63
George Shu Heng Pau,Male,Lawrence Berkeley National Laboratory,National Lab,,94720,Basic Energy Sciences,20
Brian F. Pfleger,Male,University of Wisconsin‐Madision,University,Other,53715,Biological & Environmental Research,45
Yuan Ping,Unknown,Lawrence Livermore National Laboratory,National Lab,,94550,Fusion Energy Sciences,95
Brian A. Powell,Male,Clemson University,University,Other,29634,Fusion Energy Sciences,N/A
Danilo C. Pozzo,Male,University of Washington,University,State/Public,98195,Basic Energy Sciences,N/A
Ashwin Ramasubramaniam,Unknown,"University of Massachusetts, Amherst",University,Other,01003,Basic Energy Sciences,37
Lijuan Ruan,Unknown,Brookhaven National Laboratory,National Lab,,11973,Basic Energy Sciences,N/A
Matthias R. Schindler,Male,University of South Carolina,University,Other,29208,Nuclear Physics,N/A
Jonathan Simon,Male,University of Chicago,University,Private,60637,Basic Energy Sciences,50
Sara E. Skrabalak,Female,Indiana University,University,Other,47405,Basic Energy Sciences,N/A
Ivan I. Smalyukh,Male,University of Colorado,University,Other,80309,Basic Energy Sciences,71
Xiaowei Teng,Unknown,University of New Hampshire,University,Other,03824,Basic Energy Sciences,37
Megan C. Thielges,Female,Indiana University,University,Other,47405,Basic Energy Sciences,N/A
William A. Tisdale,Male,Massachusetts Institute of Technology,University,Private,02139,Basic Energy Sciences,45
Andrew J. Tolley,Male,Case Western Reserve University,University,Other,44106,High Energy Physics,3
Nathan M. Urban,Male,Los Alamos National Laboratory,National Lab,,87545,High Energy Physics,25
Katherine A. Willets,Female,University of Texas at Austin,University,State/Public,78712,Basic Energy Sciences,39
Michael Williams,Male,Massachusetts Institute of Technology,University,Private,02139,Basic Energy Sciences,89
Juhao Wu,Unknown,SLAC National Accelerator Laboratory,National Lab,,94025,Nuclear Physics,N/A
Setthivoine You,Unknown,University of Washington,University,State/Public,98195,Basic Energy Sciences,N/A
Dominika Zgid,Female,University of Michigan,University,State/Public,48109,Basic Energy Sciences,33
Rebecca J. Abergel,Female,Lawrence Berkeley National Laboratory,National Lab,,94720,,N/A
Geoffrey S.D. Beach,Male,Massachusetts Institute of Technology,University,Private,02139,Basic Energy Sciences,N/A
Jenifer C. Braley,Female,Colorado School of Mines,Unknown,,80401,Basic Energy Sciences,N/A
Antoine J. Cerfon,Male,New York University,University,Private,10012,Basic Energy Sciences,N/A
Emil M. Constantinescu,Male,Argonne National Laboratory,National Lab,,60439,Advanced Scientific Computing Research,N/A
Carl Eric Dahl,Male,Northwestern University,University,Private,60208,Advanced Scientific Computing Research,N/A
Mark P.M. Dean,Male,Brookhaven National Laboratory,National Lab,,11973,Basic Energy Sciences,36
Olivier A. Delaire,Male,Oak Ridge National Laboratory,National Lab,,37831,Basic Energy Sciences,N/A
Rafael M. Fernandes,Male,University of Minnesota,University,State/Public,55455,Basic Energy Sciences,62
Daniele Filippetto,Female,Lawrence Berkeley National Laboratory,National Lab,,94720,Basic Energy Sciences,28
Gregory D. Fuchs,Male,Cornell University,University,Ivy League,14835,Basic Energy Sciences,39
Todd Gamblin,Male,Lawrence Livermore National Laboratory,National Lab,,94550,Advanced Scientific Computing Research,37
Shambhu Ghimire,Unknown,SLAC National Accelerator Laboratory,National Lab,,94025,Basic Energy Sciences,37
Lars C. Grabow,Male,University of Houston,University,Other,77204,Basic Energy Sciences,42
Peter W. Graham,Male,Stanford University,University,Private,94305,Basic Energy Sciences,N/A
Anna Grassellino,Female,Fermi National Accelerator Laboratory,National Lab,,60510,High Energy Physics,35
Brian A. Grierson,Male,Princeton Plasma Physics Laboratory,National Lab,,08543,High Energy Physics,N/A
Stephanie B. Hansen,Female,"Sandia National Laboratories, New Mexico",National Lab,,87123,Fusion Energy Sciences,50
James Hirschauer,Male,Fermi National Accelerator Laboratory,National Lab,,60510,Fusion Energy Sciences,242
Nadine Kabengi,Female,Georgia State University,University,Other,30302,Advanced Scientific Computing Research,22
Lisa J. Kaufman,Female,Indiana University,University,Other,47408,Basic Energy Sciences,N/A
Wei Li,Unknown,William Marsh Rice University,University,Private,77005,Nuclear Physics,221
Stephanie A. Majewski,Female,University of Oregon,University,Other,97403,High Energy Physics,N/A
Ni Ni,Unknown,"University of California, Los Angeles",University,State/Public,90095,High Energy Physics,99
Trent R. Northen,Male,Lawrence Berkeley National Laboratory,National Lab,,94720,Basic Energy Sciences,64
Shyue Ping Ong,Unknown,"University of California, San Diego",University,State/Public,92093,Basic Energy Sciences,88
Mike S. Pritchard,Male,"University of California, Irvine",University,Other,92697,Biological & Environmental Research,33
Xin Qian,Unknown,Brookhaven National Laboratory,National Lab,,11973,High Energy Physics,76
Joel C. Rowland,Male,Los Alamos National Laboratory,National Lab,,87545,High Energy Physics,N/A
Florin Rusu,Male,"University of California, Merced",University,Other,95343,Advanced Scientific Computing Research,24
Bjoern P. Schenke,Unknown,Brookhaven National Laboratory,National Lab,,11973,Advanced Scientific Computing Research,N/A
Guglielmo Scovazzi,Male,Duke University,University,Private,27708,Advanced Scientific Computing Research,33
Nathaniel P. Stern,Male,Northwestern University,University,Private,60208,Basic Energy Sciences,N/A
Jenny Y. Yang,Female,"University of California, Irvine",University,Other,92697,Basic Energy Sciences,43
James G. Analytis,Male,"University of California, Berkeley",University,State/Public,94720,Basic Energy Sciences,67
Lawrence R. Baker,Male,Ohio State University,University,State/Public,43210,Basic Energy Sciences,N/A
Phillip S. Barbeau,Male,Duke University,University,Private,27705,Basic Energy Sciences,N/A
Ilenia Battiato,Female,San Diego State University,University,Other,92182,High Energy Physics,27
Nathaniel J. Craig,Male,"University of California, Santa Barbara",University,Other,93106,Basic Energy Sciences,15
Catherine M. Deibel,Female,Louisiana State University,University,Other,70803,High Energy Physics,34
Christian Engelmann,Male,Oak Ridge National Laboratory,National Lab,,37831,Fusion Energy Sciences,35
Eranda Nikolla,Female,Wayne State University,University,Other,48202,Advanced Scientific Computing Research,32
Tori Z. Forbes,Female,University of Iowa,University,Other,52242,Basic Energy Sciences,29
Jeffrey G. Gardner,Male,University of Maryland Baltimore County,University,Other,21250,Basic Energy Sciences,19
Pierre Gentine,Male,Columbia University,University,Ivy League,10027,Biological and Environmental Research,74
Krzysztof Gofryk,Male,Idaho National Laboratory,National Lab,,83415,Basic Energy Sciences,32
Erik M. Grumstrup,Male,Montana State University,University,Other,59717,Basic Energy Sciences,N/A
Thomas Hartman,Male,Cornell University,University,Ivy League,14853,High Energy Physics,45
Cory D. Hauck,Male,Oak Ridge National Laboratory,National Lab,,37831,High Energy Physics,N/A
David J. Heldebrant,Male,Pacific Northwest National Laboratory,National Lab,,99354,Advanced Scientific Computing Research,42
Matthew E. Helgeson,Male,"University of California, Santa Barbara",University,Other,93106,Basic Energy Sciences,N/A
Henry C. Hoffmann,Male,University of Chicago,University,Private,60637,Advanced Scientific Computing Research,N/A
Anubhav Jain,Unknown,Lawrence Berkeley National Laboratory,National Lab,,94720,Advanced Scientific Computing Research,70
Rebekka S. Klausen,Female,Johns Hopkins University,University,Private,21218,Basic Energy Sciences,24
Christopher J. Kliewer,Male,Sandia National Laboratories,National Lab,,94550,Basic Energy Sciences,27
Alexey Kovalev,Male,University of Nebraska,University,Other,68588,Basic Energy Sciences,54
Kyle M. Lancaster,Female,Cornell University,University,Ivy League,14853,Basic Energy Sciences,40
Christopher Lee,Male,Los Alamos National Laboratory,National Lab,,87544,Basic Energy Sciences,73
Dongsheng Li,Unknown,Pacific Northwest National Laboratory,National Lab,,99354,Nuclear Physics,106
Kin Fai Mak,Unknown,Pennsylvania State University,University,Other,16802,Basic Energy Sciences,75
Lorenzo Mangolini,Male,"University of California, Riverside",University,Other,92521,Basic Energy Sciences,34
Jeetain Mittal,Unknown,Lehigh University,University,Other,18015,Fusion Energy Sciences,62
Katharine Page,Female,Oak Ridge National Laboratory,National Lab,,37831,Basic Energy Sciences,53
Chad M. Parish,Male,Oak Ridge National Laboratory,National Lab,,37831,Basic Energy Sciences,43
Andrew Puckett,Male,University of Connecticut,University,Other,06269,Fusion Energy Sciences,48
Jonathan D. Raff,Male,Indiana University,University,Other,47401,Nuclear Physics,N/A
Timothy J. Rupert,Male,"University of California, Irvine",University,Other,92697,Basic Energy Sciences,36
Anne Sakdinawat,Female,SLAC National Accelerator Laboratory,National Lab,,94025,Basic Energy Sciences,N/A
Elizabeth S. Sattely,Female,Stanford University,University,Private,94304,Basic Energy Sciences,N/A
Jordan R. Schmidt,Male,University of Wisconsin‐Madison,University,Other,53715,Basic Energy Sciences,N/A
Oliver Schmitz,Male,University of Wisconsin‐Madison,University,Other,53715,Basic Energy Sciences,128
Daniel P. Shoemaker,Male,University of Illinois,University,Other,61820,Basic Energy Sciences,25
Tracy R. Slatyer,Female,Massachusetts Institute of Technology,University,Private,02139,High Energy Physics,N/A
Patricia Solvignon,Female,University of New Hampshire,University,Other,03824,Nuclear Physics,N/A
Yogesh Surendranath,Male,Massachusetts Institute of Technology,University,Private,02139,Basic Energy Sciences,58
Jing Tao,Unknown,Brookhaven National Laboratory,National Lab,,11973,Basic Energy Sciences,43
Daniela M. Ushizima,Female,Lawrence Berkeley National Laboratory,National Lab,,94720,Basic Energy Sciences,N/A
Brent A. VanDevender,Male,Pacific Northwest National Laboratory,National Lab,,99354,Advanced Scientific Computing Research,N/A
Justin R. Walensky,Male,University of Missouri,University,Other,65211,Basic Energy Sciences,32
Jonathan Weare,Male,University of Chicago,University,Private,60637,Advanced Scientific Computing Research,22
Peter Winter,Male,Argonne National Laboratory,National Lab,,60439,Advanced Scientific Computing Research,17
Yunyan Zhang,Unknown,Lawrence Livermore National Laboratory,National Lab,,94550,High Energy Physics,25
Thomas K. Allison,Male,Stony Brook University,University,Other,11794,Basic Energy Sciences,24
Jessica M. Anna,Female,University of Pennsylvania,University,Ivy League,19104,Basic Energy Sciences,N/A
Scott D. Baalrud,Male,University of Iowa,University,Other,52242,Fusion Energy Sciences,N/A
Peter J. Bruggeman,Male,University of Minnesota,University,State/Public,55455,Fusion Energy Sciences,N/A
Alvin Cheung,Male,University of Washington,University,State/Public,98195,Advanced Scientific Computing Research,17
Jim Ciston,Male,Lawrence Berkeley National Laboratory,National Lab,,94720,Advanced Scientific Computing Research,46
Sean M. Couch,Male,Michigan State University,University,Other,48824,Basic Energy Sciences,N/A
Daniela F. Cusack,Female,"University of California, Los Angeles",University,State/Public,90095,Nuclear Physics,N/A
Yingge Du,Unknown,Pacific Northwest National Laboratory,National Lab,,99352,Biological and Environmental Research,48
Jonathan W. Engle,Male,Los Alamos National Laboratory,National Lab,,87544,Basic Energy Sciences,54
Grigory V. Eremeev,Male,Thomas Jefferson National Accelerator Facility,National Lab,,23606,Nuclear Physics,N/A
Francesco A. Evangelista,Male,Emory University,University,Private,30322,Basic Energy Sciences,N/A
Rebecca Flint,Female,Iowa State University,University,Other,50011,Basic Energy Sciences,16
Alison R. Fout,Female,University of Illinois,University,Other,61820,Basic Energy Sciences,30
Jacklyn M. Gates,Female,Lawrence Berkeley National Laboratory,National Lab,,94720,Basic Energy Sciences,N/A
Kristian A. Hahn,Male,Northwestern University,University,Private,60201,Nuclear Physics,N/A
Kirsten S. Hofmockel,Female,Pacific Northwest National Laboratory,National Lab,,99352,High Energy Physics,N/A
Xia Hong,Unknown,University of Nebraska,University,Other,68588,Basic Energy Sciences,64
Travis S. Humble,Male,Oak Ridge National Laboratory,National Lab,,37831,High Energy Physics,N/A
Yier Jin,Unknown,University of Central Florida,University,Other,32826,Advanced Scientific Computing Research,54
Robert D. Kolasinski,Male,Sandia National Laboratories,National Lab,,94551,Advanced Scientific Computing Research,N/A
Egemen Kolemen,Male,Princeton University,University,Ivy League,08544,Fusion Energy Sciences,36
Jessica A. Krogstad,Female,University of Illinois,University,Other,61820,Basic Energy Sciences,17
Amber T. Krummel,Female,Colorado State University,University,Other,80523,Basic Energy Sciences,N/A
Christoph Lehner,Male,Brookhaven National Laboratory,National Lab,,11973,Basic Energy Sciences,31
Melanie A. Mayes,Female,Oak Ridge National Laboratory,National Lab,,37831,High Energy Physics,40
Karis J. McFarlane,Female,Lawrence Livermore National Laboratory,National Lab,,94551,Biological and Environmental Research,21
Chad Mitchell,Male,Lawrence Berkeley National Laboratory,National Lab,,94720,High Energy Physics,N/A
James J. Moran,Male,Pacific Northwest National Laboratory,National Lab,,99352,High Energy Physics,80
Wellington Muchero,Unknown,Oak Ridge National Laboratory,National Lab,,37831,Biological and Environmental Research,N/A
Michael L. Neidig,Male,University of Rochester,University,Other,14627,Biological and Environmental Research,N/A
Jamie R. Neilson,Female,Colorado State University,University,Other,80523,Basic Energy Sciences,N/A
Katja C. Nowack,Female,Cornell University,University,Ivy League,14850,Basic Energy Sciences,N/A
Kabir G. Peay,Male,Stanford University,University,Private,94304,Basic Energy Sciences,53
Sam Posen,Male,Fermi National Accelerator Laboratory,National Lab,,60510,Biological and Environmental Research,30
Jennifer L. Raaf,Female,Fermi National Accelerator Laboratory,National Lab,,60510,High Energy Physics,N/A
Devesh Ranjan,Male,Georgia Institute of Technology,Unknown,,30332,Fusion Energy Sciences,31
Matthew Redshaw,Male,Central Michigan University,University,Other,48859,Fusion Energy Sciences,20
Eduardo Rozo,Male,University of Arizona,University,Other,85721,High Energy Physics,6
Rebecca Schulman,Female,The Johns Hopkins University,University,Private,21218,High Energy Physics,29
Ian D. Sharp,Male,Lawrence Berkeley National Laboratory,National Lab,,94720,Basic Energy Sciences,56
John B. Shaw,Male,University of Arkansas,University,Other,72701,Basic Energy Sciences,N/A
Adele C. Tamboli,Female,National Renewable Energy Laboratory,National Lab,,80401,Basic Energy Sciences,N/A
Jeroen van Tilborg,Male,Lawrence Berkeley National Laboratory,National Lab,,94720,Basic Energy Sciences,N/A
Clayton G. Webster,Male,Oak Ridge National Laboratory,National Lab,,37831,Advanced Scientific Computing Research,N/A
Haidan Wen,Unknown,Argonne National Laboratory,National Lab,,60439,Advanced Scientific Computing Research,35
Christopher Wrede,Male,Michigan State University,University,Other,48824,Nuclear Physics,32
Zeeshan Ahmed,Male,SLAC National Accelerator Laboratory,National Lab,,94025,,48
Jared M. Allred,Male,The University of Alabama,University,Other,35487,High Energy Physics,21
Nicholas J. Bouskill,Male,Lawrence Berkeley National Laboratory (LBNL),National Lab,,94720,Biological and Environmental Research,N/A
Kelly A. Chipps,Female,Oak Ridge National Laboratory (ORNL),National Lab,,37831,Biological and Environmental Research,N/A
Brian A. Collins,Male,Washington State University,University,Other,99164,Nuclear Physics,27
Steven C. DeCaluwe,Male,Colorado School of Mines,Unknown,,80401,Basic Energy Sciences,N/A
Naresh Devineni,Male,The City College of New York,University,Other,10031,Basic Energy Sciences,30
Matthew R. Dietrich,Male,Argonne National Laboratory (ANL),National Lab,,60439,Biological and Environmental Research,15
Qiang Du,Unknown,Lawrence Berkeley National Laboratory (LBNL),National Lab,,94720,High Energy Physics,81
Jiwen Fan,Unknown,Pacific Northwest National Laboratory (PNNL),National Lab,,99352,High Energy Physics,57
Frederico Fiuza,Male,SLAC National Accelerator Laboratory,National Lab,,94025,Fusion Energy Sciences,38
David J. Flannigan,Male,University of Minnesota,University,State/Public,55455,Basic Energy Sciences,33
Renee R. Frontiera,Female,University of Minnesota,University,State/Public,55455,Basic Energy Sciences,31
Kenneth R. Graham,Male,University of Kentucky,University,Other,40526,Basic Energy Sciences,N/A
David L. Green,Male,Oak Ridge National Laboratory (ORNL),National Lab,,37831,Basic Energy Sciences,32
Heiko Hergert,Male,Michigan State University,University,Other,48824,Nuclear Physics,36
Alexander I. Himmel,Male,Fermi National Accelerator Laboratory (FNAL),National Lab,,60510,High Energy Physics,N/A
Amy E. Hixon,Female,University of Notre Dame,University,Other,46556,Basic Energy Sciences,15
Benjamin Hooberman,Male,University of Illinois,University,Other,61820,High Energy Physics,260
Benjamin M. Hunt,Male,Carnegie Mellon University,University,Other,15213,High Energy Physics,16
Josh Kacher,Male,Georgia Institute of Technology,Unknown,,30332,Basic Energy Sciences,25
Mariam Kiran,Female,Lawrence Berkeley National Laboratory (LBNL),National Lab,,94720,Advanced Scientific Computing Research,24
Charles D. Koven,Male,Lawrence Berkeley National Laboratory (LBNL),National Lab,,94720,Advanced Scientific Computing Research,N/A
Stephanie Law,Female,University Of Delaware,University,Other,19716,Biological and Environmental Research,25
Lin Lin,Female,"University of California, Berkeley",University,State/Public,94704,Advanced Scientific Computing Research,326
Brian K. Long,Male,The University of Tennessee,University,Other,37996,Advanced Scientific Computing Research,29
Richard L. Longland,Male,North Carolina State University,University,Other,27695,Basic Energy Sciences,N/A
Kenneth Lopata,Male,Louisiana State University and A&M College,University,Other,70803,Basic Energy Sciences,25
Marilena LoVerde,Female,SUNY Stony Brook University,University,Other,11794,High Energy Physics,38
Steven O. Mansoorabadi,Male,Auburn University,University,Other,36849,High Energy Physics,N/A
Julia M. Mikhailova,Female,Princeton University,University,Ivy League,08544,Fusion Energy Sciences,N/A
Emilio A. Nanni,Male,SLAC National Accelerator Laboratory,National Lab,,94025,High Energy Physics,N/A
Eric W. Neuscamman,Male,"University of California, Berkeley",University,State/Public,94704,Basic Energy Sciences,N/A
James Ostrowski,Male,The University of Tennessee,University,Other,37996,Advanced Scientific Computing Research,49
Dennis V. Perepelitsa,Male,University of Colorado,University,Other,80303,Advanced Scientific Computing Research,217
Tom Peterka,Male,Argonne National Laboratory (ANL),National Lab,,60439,Advanced Scientific Computing Research,40
Neeraj Rai,Male,Mississippi State University,University,Other,39762,Basic Energy Sciences,26
Ted C. Rogers,Male,Old Dominion University,University,Other,23508,Basic Energy Sciences,28
Tiark Rompf,Unknown,Purdue University,University,Other,47907,Advanced Scientific Computing Research,37
Michael D. Schneider,Male,Lawrence Livermore National Laboratory (LLNL),National Lab,,94551,High Energy Physics,23
Adam B. Sefkow,Male,University of Rochester,University,Other,14627,High Energy Physics,35
Sanjaya D. Senanayake,Unknown,Brookhaven National Laboratory (BNL),National Lab,,11973,Fusion Energy Sciences,71
Hannah S. Shafaat,Female,The Ohio State University,University,State/Public,43210,Basic Energy Sciences,N/A
Sahar Sharifzadeh,Female,Boston University,University,Other,02215,Basic Energy Sciences,25
Jessie F. Shelton,Female,University of Illinois,University,Other,61820,Basic Energy Sciences,N/A
Siqian Shen,Unknown,University of Michigan,University,State/Public,48109,Advanced Scientific Computing Research,26
Justin Stevens,Male,The College of William and Mary,University,Other,23187,Nuclear Physics,59
Jin Suntivich,Female,Cornell University,University,Ivy League,14850,Nuclear Physics,39
Jason R. Trelewicz,Male,SUNY Stony Brook University,University,Other,11794,Fusion Energy Sciences,22
Juan P. Trelles,Male,University of Massachusetts Lowell,University,Other,01854,Fusion Energy Sciences,26
Alessandro Tricoli,Male,Brookhaven National Laboratory (BNL),National Lab,,11973,High Energy Physics,N/A
Anja von der Linden,Female,SUNY Stony Brook University,University,Other,11794,High Energy Physics,N/A
Thomas Z. Ward,Male,Oak Ridge National Laboratory (ORNL),National Lab,,37831,High Energy Physics,44
David J. Weston,Male,Oak Ridge National Laboratory (ORNL),National Lab,,37831,Biological and Environmental Research,99
Timothy M. Wildey,Male,"Sandia National Laboratories, New Mexico (SNL‐NM)",National Lab,,87185,Advanced Scientific Computing Research,N/A
Kelly C. Wrighton,Female,The Ohio State University,University,State/Public,43210,Advanced Scientific Computing Research,51
Chao Zhang,Unknown,Brookhaven National Laboratory,National Lab,,11973,Biological and Environmental Research,168
Jeramy D. Zimmerman,Male,Colorado School of Mines,Unknown,,80401,High Energy Physics,36
Assel Aitkaliyeva,Female,University of Florida,University,State/Public,32605,,17
Daniel Amador-Noguez,Male,University of Wisconsin-Madison,University,State/Public,53706,Basic Energy Sciences,38
Artur Apresyan,Male,Fermi National Accelerator Laboratory (FNAL),National Lab,,60510,High Energy Physics,N/A
Shane Ardo,Male,"University of California, Irvine",University,Other,92697,High Energy Physics,38
Prasanna Balaprakash,Unknown,Argonne National Laboratory (ANL),National Lab,,60439,Advanced Scientific Computing Research,37
Elizabeth J. Biddinger,Female,The City College of New York,University,Other,10031,Advanced Scientific Computing Research,26
Valentina Bisogni,Female,Brookhaven National Laboratory (BNL),National Lab,,11973,Basic Energy Sciences,30
James Blakemore,Male,University of Kansas,University,Other,66045,Basic Energy Sciences,34
Daniel Bowring,Male,Fermi National Accelerator Laboratory (FNAL),National Lab,,60510,Basic Energy Sciences,N/A
Nanette Boyle,Female,Colorado School of Mines,Unknown,,80401,Biological and Environmental Research,15
Raul Briceno,Male,Old Dominion University,University,Other,23529,Nuclear Physics,36
Susannah Burrows,Female,Pacific Northwest National Laboratory (PNNL),National Lab,,99352,Nuclear Physics,33
Huibo Cao,Unknown,Oak Ridge National Laboratory (ORNL),National Lab,,37831,Biological and Environmental Research,52
Ethan J. Crumlin,Male,Lawrence Berkeley National Laboratory (LBNL),National Lab,,94720,Basic Energy Sciences,62
Eric C. Cyr,Male,Sandia National Laboratories (SNL-NM),National Lab,,87185,Advanced Scientific Computing Research,20
Cesar da Silva,Male,Los Alamos National Laboratory (LANL),National Lab,,87544,Nuclear Physics,37
Karen Davies,Female,Lawrence Berkeley National Laboratory (LBNL),National Lab,,94720,Nuclear Physics,91
Nathalie de Leon,Female,Princeton University,University,Ivy League,08544,Basic Energy Sciences,37
Luiz De Viveiros Souza Filho,Unknown,Pennsylvania State University,University,Other,16802,Basic Energy Sciences,N/A
Jared Delcamp,Male,University of Mississippi,University,Other,38677,Basic Energy Sciences,43
David Donovan,Male,The University of Tennessee,University,Other,37996,Basic Energy Sciences,13
Benjamin Doughty,Male,Oak Ridge National Laboratory (ORNL),National Lab,,37831,Fusion Energy Sciences,25
Daniel A. Dwyer,Male,Lawrence Berkeley National Laboratory (LBNL),National Lab,,94720,High Energy Physics,N/A
Thomas Faulkner,Male,University of Illinois,University,Other,61801,High Energy Physics,33
Nathaniel M. Ferraro,Male,Princeton Plasma Physics Laboratory (PPPL),National Lab,,08543,High Energy Physics,N/A
Stefano Gandolfi,Male,Los Alamos National Laboratory (LANL),National Lab,,87545,Fusion Energy Sciences,53
Tais Gorkhover,Unknown,SLAC National Accelerator Laboratory,National Lab,,94025,Basic Energy Sciences,29
Alexander Gray,Male,Temple University,University,Other,19130,Basic Energy Sciences,51
Kentaro Hara,Male,Texas A&M University,University,Other,77845,Fusion Energy Sciences,N/A
Naruki Hiranuma,Unknown,West Texas A&M University,University,Other,79016,Basic Energy Sciences,19
Kolby Jardine,Male,Lawrence Berkeley National Laboratory (LBNL),National Lab,,94720,Biological and Environmental Research,32
Zhang Jiang,Unknown,Argonne National Laboratory (ANL),National Lab,,60439,Basic Energy Sciences,47
Michael Kagan,Male,SLAC National Accelerator Laboratory,National Lab,,94025,Nuclear Physics,26
Liqin Ke,Unknown,Ames Laboratory,Unknown,,50011,Basic Energy Sciences,28
Karah E. Knope,Unknown,Georgetown University,University,Other,20057,Basic Energy Sciences,25
Samuel Aaron Lazerson,Male,Princeton Plasma Physics Laboratory (PPPL),National Lab,,08543,Basic Energy Sciences,35
Alexie Leauthaud-Harnett,Female,"University of California, Santa Cruz",University,Other,95064,High Energy Physics,N/A
Joshua Levine,Male,The University of Arizona,University,Other,85721,Advanced Scientific Computing Research,66
Bolin Liao,Unknown,"University of California, Santa Barbara",University,Other,93106,Advanced Scientific Computing Research,29
Ryan P. Lively,Male,Georgia Institute of Technology,Unknown,,30332,Basic Energy Sciences,59
Tammy Ma,Female,Lawrence Livermore National Laboratory (LLNL),National Lab,,94551,Fusion Energy Sciences,67
Themis Mastoridis,Male,California Polytechnic State University,University,Other,93407,Fusion Energy Sciences,N/A
Zach Meisel,Male,Ohio University,University,Other,45701,Nuclear Physics,36
Siddharth Misra,Unknown,The University of Oklahoma,University,Other,73019,Basic Energy Sciences,49
Karen L. Mulfort,Female,Argonne National Laboratory (ANL),National Lab,,60439,Basic Energy Sciences,35
Jacquelyn Noronha-Hostler,Female,Rutgers University,University,Other,08854,Basic Energy Sciences,48
Colin Ophus,Male,Lawrence Berkeley National Lab (LBNL),Unknown,,94720,Basic Energy Sciences,57
Paris Perdikaris,Male,University of Pennsylvania,University,Ivy League,19104,Advanced Scientific Computing Research,50
Nicola Perry,Female,University of Illinois,University,Other,61801,Advanced Scientific Computing Research,28
David Powers,Male,Texas A&M University,University,Other,77843,Basic Energy Sciences,40
Kerri A. Pratt,Female,University of Michigan,University,State/Public,48109,Basic Energy Sciences,N/A
Benjamin Safdi,Male,University of Michigan,University,State/Public,48109,Basic Energy Sciences,50
Omer San,Male,Oklahoma State University,University,Other,74078,Advanced Scientific Computing Research,70
Hee-Jong Seo,Unknown,Ohio University,University,Other,45701,Advanced Scientific Computing Research,80
Julian Shun,Male,Massachusetts Institute of Technology,University,Private,02139,Advanced Scientific Computing Research,35
Meredith N. Silberstein,Female,Cornell University,University,Ivy League,14853,Advanced Scientific Computing Research,N/A
David Simmons-Duffin,Male,California Institute of Technology,University,Private,91125,High Energy Physics,48
Jaideep Taggart Singh,Unknown,Michigan State University,University,Other,48824,Nuclear Physics,N/A
Zachary P. Smith,Male,Massachusetts Institute of Technology,University,Private,02139,Nuclear Physics,41
Aritoki Suzuki,Unknown,Lawrence Berkeley National Laboratory (LBNL),National Lab,,94720,High Energy Physics,N/A
Ming Tang,Unknown,Rice University,University,Private,77005,High Energy Physics,55
Ming Lee Tang,Unknown,"University of California, Riverside",University,Other,92521,Basic Energy Sciences,46
Kazuhiro Terao,Male,SLAC National Accelerator Laboratory,National Lab,,94025,Basic Energy Sciences,53
Javier Tiffenberg,Male,Fermi National Accelerator Laboratory (FNAL),National Lab,,60510,High Energy Physics,55
Wang-Kong Tse,Unknown,University of Alabama,University,Other,35487,Basic Energy Sciences,23
Anne-Marie Valente-Feliciano,Female,Thomas Jefferson National Accelerator Facility,National Lab,,23606,Basic Energy Sciences,N/A
Romain Vasseur,Male,University of Massachusetts Amherst,University,Other,01035,Nuclear Physics,47
Anselm Vossen,Male,Duke University,University,Private,27708,Nuclear Physics,N/A
Luisa Whittaker-Brooks,Female,University of Utah,University,Other,84112,Nuclear Physics,29
Haixuan Xu,Unknown,The University of Tennessee,University,Other,37911,Basic Energy Sciences,29
Xiaoshan Xu,Unknown,University of Nebraska-Lincoln,University,Other,68588,Basic Energy Sciences,38
Rachel P. Yohay,Female,Florida State University,University,Other,32306,Basic Energy Sciences,N/A
Guihua Yu,Unknown,The University of Texas at Austin,University,State/Public,78712,High Energy Physics,192
Joel Yuen-Zhou,Male,University of California San Diego,University,Other,92093,Basic Energy Sciences,38
Philipp Zerbe,Male,"University of California, Davis",University,Other,95618,Biological and Environmental Research,37
Alex Zylstra,Male,Los Alamos National Laboratory (LANL),National Lab,,87545,Fusion Energy Sciences,52
Robert Ainsworth,Male,Fermi National Accelerator Laboratory,National Lab,,60510,,N/A
Jonathan Asaadi,Male,The University of Texas at Arlington,University,Other,76019,High Energy Physics,109
Jason Azoulay,Male,University of Southern Mississippi,University,Other,39406,High Energy Physics,35
Bryan Beckingham,Male,Auburn University,University,Other,36849,Basic Energy Sciences,18
D. Kwabena Bediako,Unknown,"University of California, Berkeley",University,State/Public,94720,Basic Energy Sciences,28
Michael Bishof,Male,Argonne National Laboratory,National Lab,,60439,Basic Energy Sciences,182
Jennifer Bridwell-Rabb,Female,University of Michigan,University,State/Public,48109,Nuclear Physics,17
Maria Chan,Female,Argonne National Laboratory,National Lab,,60439,Basic Energy Sciences,46
Manos Chatzopoulos,Male,Louisiana State University,University,Other,70803,Basic Energy Sciences,N/A
Federica Coppari,Female,Lawrence Livermore National Laboratory,National Lab,,94550,Nuclear Physics,N/A
Amy Cordones-Hahn,Female,SLAC National Accelerator Laboratory,National Lab,,94025,Fusion Energy Sciences,23
Joseph Cotruvo,Male,Pennsylvania State University,University,Other,16802,Basic Energy Sciences,26
Arun Devaraj,Male,Pacific Northwest National Laboratory,National Lab,,99354,Basic Energy Sciences,37
Javier Duarte,Male,The Regents of the University of California – UCSD,University,Other,92093,Basic Energy Sciences,229
Christine E. Duval,Female,Case Western Reserve University,University,Other,44106,High Energy Physics,10
Joanne B. Emerson,Female,"University of California, Davis",University,Other,95616,Nuclear Physics,34
Li Fang,Unknown,University of Central Florida,University,Other,32816,Biological and Environmental Research,75
Kevin G. Field,Male,2355 Bonisteel Blvd.,Unknown,,48109,Basic Energy Sciences,N/A
Laura Fields,Female,Fermi National Accelerator Laboratory,National Lab,,60510,Fusion Energy Sciences,89
Benjamin Frandsen,Male,Brigham Young University,University,Other,84602,High Energy Physics,25
Ronald Fernando Garcia Ruiz,Male,Massachusetts Institute of Technology,University,Private,02139,Basic Energy Sciences,36
Benedikt Geiger,Male,University of Wisconsin – Madison,University,Other,53715,Nuclear Physics,45
Dustin A. Gilbert,Male,University of Tennessee,University,Other,37996,Fusion Energy Sciences,31
Ranganathan Gopalakrishnan,Male,The University of Memphis,University,Other,38152,Basic Energy Sciences,17
Marco Govoni,Male,Argonne National Laboratory (ANL),National Lab,,60439,Fusion Energy Sciences,33
Heather Gray,Female,The Regents of University of California,University,Other,94710,Basic Energy Sciences,255
Wendy Gu,Female,Stanford University,University,Private,94305,Basic Energy Sciences,24
Matthew Hoffman,Male,Los Alamos National Laboratory,National Lab,,87545,Biological and Environmental Research,40
Wanzheng Hu,Unknown,Boston University,University,Other,02215,Biological and Environmental Research,28
Paul W. Humrickhouse,Male,Idaho National Laboratory,National Lab,,83402,Basic Energy Sciences,N/A
Jonathan Jarvis,Male,Fermi National Accelerator Laboratory,National Lab,,60510,Fusion Energy Sciences,11
Luchang Jin,Unknown,University of Connecticut,University,Other,06259,Basic Energy Sciences,31
Siddharth Karkare,Unknown,Arizona State University,University,Other,85287,High Energy Physics,25
Trevor F. Keenan,Male,UC Berkeley,Unknown,,94720,Basic Energy Sciences,71
Vedika Khemani,Unknown,Stanford University,University,Private,94305,Biological and Environmental Research,41
Laura Lammers,Female,Lawrence Berkeley National Laboratory,National Lab,,94720,Basic Energy Sciences,23
Kyle G. Leach,Female,Colorado School of Mines,Unknown,,80401,Nuclear Physics,31
Hugh Lippincott,Male,Regents of the University of California,University,Other,93106,Nuclear Physics,N/A
Alessandro Lovato,Male,Argonne National Laboratory,National Lab,,60439,High Energy Physics,34
Manthiram,Unknown,Massachusetts Institute of Technology,University,Private,02139,Nuclear Physics,174
Elijah H. Martin,Male,Oak Ridge National Laboratory,National Lab,,37830,Fusion Energy Sciences,15
Jarad A. Mason,Unknown,Harvard University,University,Ivy League,02143,Fusion Energy Sciences,47
Phillip Milner,Male,Cornell University,University,Ivy League,14850,Basic Energy Sciences,29
Michael Mooney,Male,Colorado State University,University,Other,80523,Basic Energy Sciences,207
Gary F. Moore,Male,Arizona State University,University,Other,85287,Basic Energy Sciences,32
Bogdan Nicolae,Male,Argonne National Laboratory,National Lab,,60439,Basic Energy Sciences,24
Erin E Nuccio,Female,Lawrence Livermore National Laboratory,National Lab,,94550,Advanced Scientific Computing Research,22
Brendan O'Shea,Male,SLAC National Accelerator Laboratory,National Lab,,94025,High Energy Physics,21
Christina M. Patricola,Female,Iowa State University,University,Other,50011,High Energy Physics,38
Bei Wang Phillips,Unknown,University of Utah,University,Other,84112,Basic Energy Sciences,28
Kemp Plumb,Unknown,Brown University,University,Ivy League,02912,Basic Energy Sciences,15
David Radice,Male,The Pennsylvania State University,University,Other,16802,Basic Energy Sciences,56
Simon Roux,Male,Lawrence Berkeley National Laboratory,National Lab,,94720,Biological and Environmental Research,69
Justin B. Sambur,Male,Colorado State University,University,Other,80523,Biological and Environmental Research,N/A
Lado Samushia,Male,Kansas State University,University,Other,66506,High Energy Physics,57
Bayrammurad Saparov,Unknown,University of Oklahoma,University,Other,73019,Basic Energy Sciences,41
Nobuo Sato,Male,Thomas Jefferson National Accelerator Facility,National Lab,,23602,Basic Energy Sciences,37
Phiala Shanahan,Unknown,Massachusetts Institute of Technology,University,Private,02139,Nuclear Physics,38
James Shepherd,Male,University of Iowa,University,Other,52242,Nuclear Physics,22
Louise Skinnari,Female,Northeastern University,University,Other,02115,Basic Energy Sciences,222
Douglas Stanford,Male,Board of Trustees of the Leland Stanford Junior University,University,Other,94305,High Energy Physics,172
Benjamin N. Sulman,Male,Oak Ridge National Laboratory,National Lab,,37831,High Energy Physics,33
Dali Sun,Female,North Carolina State University,University,Other,27695,Biological and Environmental Research,26
Wenhao Sun,Unknown,University of Michigan,University,State/Public,48105,Basic Energy Sciences,58
Nathaniel Trask,Male,Sandia National Laboratories,National Lab,,87123,Advanced Scientific Computing Research,26
Michael A. Troxel,Male,Duke University,University,Private,27705,High Energy Physics,N/A
Wim M. van Rees,Male,Massachusetts Institute of Technology,University,Private,02139,Advanced Scientific Computing Research,15
Tuo Wang,Unknown,Louisiana State University,University,Other,70803,Advanced Scientific Computing Research,40
Chen Wang,Unknown,"University of Massachusetts, Amherst",University,Other,01035,Basic Energy Sciences,83
Stefan M. Wild,Male,"Laboratory for Applied Mathematics, Numerical Software, and Statistics",Unknown,,60439,Advanced Scientific Computing Research,44
Huolin Xin,Unknown,University of California,University,Other,92697,Advanced Scientific Computing Research,97
Ming Yi,Unknown,Rice University,University,Private,77005,Basic Energy Sciences,38
Kevin C. Young,Male,Sandia National Laboratories,National Lab,,94550,Advanced Scientific Computing Research,N/A
Tong Zhou,Unknown,Lawrence Berkeley National Laboratory,National Lab,,94720,High Energy Physics,61
Corey Adams,Male,Argonne National Laboratory,National Lab,,60439,,42
Ariful Azad,Unknown,Indiana University,University,Other,47401,Nuclear Physics,26
Marcel D. Baer,Male,Pacific Northwest National Laboratory,National Lab,,99352,Advanced Scientific Computing Research,N/A
Miles F. Beaux II,Male,Los Alamos National Laboratory,National Lab,,87545,Basic Energy Sciences,N/A
Matthew T. Beidler,Male,Oak Ridge National Laboratory,National Lab,,37830,Basic Energy Sciences,N/A
Lindsey Bleem,Female,Argonne National Laboratory,National Lab,,60439,Fusion Energy Sciences,83
Mark D. Boyer II,Male,Princeton Plasma Physics Laboratory,National Lab,,08540,High Energy Physics,N/A
Penghui Cao,Unknown,"University of California, Irvine",University,Other,92697,Fusion Energy Sciences,25
Si Chen,Unknown,Argonne National Laboratory,National Lab,,60439,High Energy Physics,54
Benjamin J. Cole,Male,Lawrence Berkeley National Laboratory,National Lab,,94720,Basic Energy Sciences,N/A
Riccardo Comin,Male,Massachusetts Institute of Technology,University,Private,02139,Biological and Environmental Research,88
Melina Avila Coronado,Female,Argonne National Laboratory,National Lab,,60439,Basic Energy Sciences,N/A
Heather Crawford,Female,Lawrence Berkeley National Laboratory,National Lab,,94720,Nuclear Physics,36
Melissa A. Cregger,Female,Oak Ridge National Laboratory,National Lab,,37830,Biological and Environmental Research,N/A
Anup K. Das,Unknown,Drexel University,University,Other,19104,Biological and Environmental Research,37
Sheng Di,Unknown,Argonne National Laboratory,National Lab,,60439,Advanced Scientific Computing Research,40
Gregory Doerk,Male,Brookhaven National Laboratory,National Lab,,11973,Biological and Environmental Research,26
J. Matthew Durham,Unknown,Los Alamos National Laboratory,National Lab,,87545,Nuclear Physics,100
Manuel Endres,Male,California Institute of Technology,University,Private,91125,Advanced Scientific Computing Research,32
Netta Engelhardt,Female,Massachusetts Institute of Technology,University,Private,02139,High Energy Physics,24
Mengjia Gaowei,Unknown,Brookhaven National Laboratory,National Lab,,11973,High Energy Physics,16
Mona Ghassemi,Female,Virginia Polytechnic Institute and State University,University,Other,24061,Nuclear Physics,30
Loren Greenman,Male,Kansas State University,University,Other,66506,Fusion Energy Sciences,N/A
Xiaodan Gu,Unknown,The University of Southern Mississippi,University,Other,39402,Basic Energy Sciences,57
Philip Harris,Male,Massachusetts Institute of Technology,University,Private,02139,Basic Energy Sciences,92
Kai He,Male,Clemson University,University,Other,29634,High Energy Physics,38
Russell J. Hewett,Male,Virginia Polytechnic Institute and State University,University,Other,24061,Advanced Scientific Computing Research,8
Edward G. Hohenstein,Male,SLAC National Accelerator Laboratory,National Lab,,94025,Basic Energy Sciences,49
Jin Hu,Female,University of Arkansas,University,Other,72701,Basic Energy Sciences,96
Shu Hu,Unknown,Yale University,University,Ivy League,06510,Basic Energy Sciences,55
Gabriel Isaacman-VanWertz,Male,Virginia Polytechnic Institute and State University,University,Other,24061,Basic Energy Sciences,36
Katherine Isaacs,Female,The University of Arizona,University,Other,85721,Biological and Environmental Research,19
Andrew Jayich,Male,"University of California, Santa Barbara",University,Other,93106,Nuclear Physics,19
Christopher Johnson,Male,Stony Brook University,University,Other,11794,Nuclear Physics,70
Jovan Kamcev,Male,University of Michigan,University,State/Public,48109,Basic Energy Sciences,28
Drew P. Kouri,Male,Sandia National Laboratories,National Lab,,87185,Basic Energy Sciences,N/A
Roopali Kukreja,Unknown,University of California Davis,University,Other,95616,Advanced Scientific Computing Research,23
James Letts,Male,"University of California, Davis",University,Other,95616,Basic Energy Sciences,18
Xinle Li,Unknown,Clark Atlanta University,University,Other,30314,Basic Energy Sciences,34
Mingda Li,Unknown,Massachusetts Institute of Technology,University,Private,02139,Basic Energy Sciences,31
Fankang Li,Unknown,Oak Ridge National Laboratory,National Lab,,37831,Basic Energy Sciences,15
Tongyan Lin,Unknown,"University of California, San Diego",University,State/Public,92093,Basic Energy Sciences,N/A
Ben Loer,Male,Pacific Northwest National Laboratory,National Lab,,99354,Nuclear Physics,N/A
Xueying Lu,Unknown,Northern Illinois University,University,Other,60115,High Energy Physics,11
Tara Mastren,Female,University of Utah,University,Other,84112,High Energy Physics,20
Emma Elizabeth McBride,Female,SLAC National Accelerator Laboratory,National Lab,,94025,Isotope R&D and Production,24
Charles C. L. McCrory,Male,University of Michigan,University,State/Public,48109,Basic Energy Sciences,N/A
Julia A. Mundy,Female,Harvard University,University,Ivy League,02139,Basic Energy Sciences,30
Guangxin Ni,Unknown,Florida State University,University,Other,32306,Basic Energy Sciences,27
Brian Nord,Male,Fermi National Accelerator Laboratory,National Lab,,60510,High Energy Physics,74
Simone Pagan Griso,Female,Lawrence Berkeley National Laboratory,National Lab,,94720,High Energy Physics,24
Diana Parno,Female,Carnegie Mellon University,University,Other,15213,High Energy Physics,38
Maria Piarulli,Female,Washington University in St. Louis,University,Private,63130,Nuclear Physics,22
Craig Plaisance,Male,Louisiana State University,University,Other,70803,Nuclear Physics,16
Diana Y. Qiu,Female,Yale University,University,Ivy League,06520,Basic Energy Sciences,29
Mohammad Javad Abdolhosseini Qomi,Male,University of California Irvine,University,Other,92697,Basic Energy Sciences,31
Kiersten Ruisard,Female,Oak Ridge National Laboratory,National Lab,,37830,Biological and Environmental Research,6
Robert Saye,Male,Lawrence Berkeley National Laboratory,National Lab,,94720,Advanced Scientific Computing Research,14
Srimoyee Sen,Unknown,Iowa State University,University,Other,50011,Nuclear Physics,16
Christo S. Sevov,Unknown,The Ohio State University,University,State/Public,43210,Nuclear Physics,N/A
Chun Shen,Unknown,Wayne State University,University,Other,48201,Basic Energy Sciences,54
Daisuke Shiraki,Male,Oak Ridge National Laboratory,National Lab,,37831,Nuclear Physics,31
Indara Suarez,Unknown,Boston University,University,Other,02215,Fusion Energy Sciences,4
Nathan Tallent,Male,Pacific Northwest National Laboratory,National Lab,,99352,Advanced Scientific Computing Research,22
Aditya V. Thakur,Male,"University of California, Davis",University,Other,95616,Advanced Scientific Computing Research,20
V. Sara Thoi,Unknown,Johns Hopkins University,University,Private,21218,Basic Energy Sciences,24
Marcos Turqueti,Male,Lawrence Berkeley National Laboratory,National Lab,,94720,Basic Energy Sciences,14
Petros Tzeferacos,Male,University of Rochester,University,Other,14627,Basic Energy Sciences,26
Caterina Vernieri,Female,SLAC National Accelerator Laboratory,National Lab,,94025,Fusion Energy Sciences,N/A
Hao-Yi Wu,Unknown,Boise State University,University,Other,83725,Basic Energy Sciences,31
Dianne Xiao,Female,University of Washington,University,State/Public,98195,Basic Energy Sciences,22
Jie Xu,Unknown,"University of Texas, El Paso",University,Other,79968,Basic Energy Sciences,63
Xue Zheng,Unknown,Lawrence Livermore National Laboratory,National Lab,,94551,Basic Energy Sciences,70
Qiang Zhu,Unknown,University of Nevada Las Vegas,University,Other,89154,Biological and Environmental Research,42
