Name,Gender,Institution,Category,Subcategory,h-index
Kavin Ammigan,Unknown,Fermi National Accelerator Laboratory,National Lab,,N/A
Alexander Austregesilo,Male,Thomas Jefferson National Accelerator Facility,National Lab,,39
Keith Bechtol,Male,University of Wisconsin-Madison,University,State/Public,N/A
Lauren E. Beckingham,Female,Auburn University,University,Other,18
Timothy Berkelbach,Male,Columbia University,University,Ivy League,41
Peter A. Bosler,Male,Sandia National Laboratories,National Lab,,N/A
Itay Budin,Male,University of California San Diego,University,Other,16
Livia Casali,Female,University of Tennessee-Knoxville,University,Other,19
David Cereceda,Male,Villanova University,University,Other,10
Katerina Chatziioannou,Female,California Institute of Technology,University,Private,72
Yang-Ting Chien,Unknown,Georgia State University,University,Other,24
Christopher J. Dares,Male,Florida International University,University,Other,24
Emily C. Davidson,Female,Princeton University,University,Ivy League,17
John D. Despotopulos,Male,Lawrence Livermore National Laboratory,National Lab,,N/A
Johannes Doerfert,Male,Argonne National Laboratory,National Lab,,19
Chunhui Du,Unknown,"University of California, San Diego",University,State/Public,27
Auralee Edelen,Unknown,SLAC National Accelerator Laboratory,National Lab,,20
Sabit Ekin,Male,Oklahoma State University,University,Other,15
Timofey Frolov,Male,Lawrence Livermore National Laboratory,National Lab,,26
Trey E. Gebhart,Male,Oak Ridge National Laboratory,National Lab,,N/A
Emily B. Graham,Female,Pacific Northwest National Laboratory,National Lab,,31
Hanqi Guo,Unknown,Argonne National Laboratory,National Lab,,26
Ryan G. Hadt,Male,California Institute of Technology,University,Private,N/A
K. C. Hammond,Unknown,Princeton Plasma Physics Laboratory,National Lab,,16
Shaun R. Haskey,Male,Princeton Plasma Physics Laboratory,National Lab,,N/A
Dugan Hayes,Male,University of Rhode Island,University,Other,20
Andrew Hearin,Male,Argonne National Laboratory,National Lab,,33
Elizabeth Herndon,Female,Oak Ridge National Laboratory,National Lab,,22
Tova Holmes,Female,University of Tennessee,University,Other,210
Tanzima Z. Islam,Unknown,Texas State University,University,Other,N/A
Benjamin Jorns,Male,University of Michigan,University,State/Public,31
Piran R. Kidambi,Unknown,Vanderbilt University,University,Other,41
Jae Chul Kim,Unknown,Stevens Institute of Technology,Unknown,,26
Anders Knospe,Male,Lehigh University,University,Other,N/A
Boopathy Kombaiah,Unknown,Idaho National Laboratory,National Lab,,17
Noah Kurinsky,Male,SLAC National Laboratory,Unknown,,32
Aeriel D.M. Leonard,Unknown,The Ohio State University,University,State/Public,N/A
Yuzhang Li,Unknown,"University of California, Los Angeles",University,State/Public,48
Chong Liu,Unknown,The University of Chicago,University,Private,86
Lu Lu,Unknown,University of Pennsylvania,University,Ivy League,228
Xiao Luo,Unknown,"University of California, Santa Barbara",University,Other,46
Devin Matthews,Male,Southern Methodist University,University,Other,37
Matteo Mitrano,Male,Harvard University,University,Ivy League,23
Christopher Monahan,Male,William & Mary,Unknown,,18
Atieh Moridi,Unknown,Cornell University,University,Ivy League,21
Andrew Mounce,Male,Sandia National Laboratories,National Lab,,15
Benjamin Nachman,Male,Lawrence Berkeley National Laboratory,National Lab,,197
Aditya G. Nair,Male,"University of Nevada, Reno",University,Other,12
Lisa Olshansky,Female,"University of Illinois, Urbana-Champaign",University,Other,9
Guido Pagano,Male,Rice University,University,Private,25
Chenyun Pan,Unknown,The University of Texas at Arlington,University,Other,15
Pietro Papa Lopes,Male,Argonne National Laboratory,National Lab,,34
Natalie Paquette,Female,University of Washington,University,State/Public,1
Geoffrey Penington,Male,"University of California, Berkeley",University,State/Public,36
Denisia Popolan-Vaida,Female,University of Central Florida,University,Other,20
Timothy Proctor,Male,Sandia National Laboratories,National Lab,,21
Matt Pyle,Male,University of California Berkeley,University,Other,N/A
Krupa Ramasesha,Unknown,Sandia National Laboratories,National Lab,,18
Michael Reppert,Male,Purdue University,University,Other,21
Grant M. Rotskoff,Male,Stanford University,University,Private,25
Michael Schulz,Male,Virginia Polytechnic Institute and State University,University,Other,92
Lorenzo Sironi,Male,Columbia University,University,Ivy League,50
Elizabeth Sooby,Female,University of Texas at San Antonio,University,Other,15
Kelsey A. Stoerzinger,Female,Oregon State University,University,Other,43
Daniel Stolper,Male,"University of California, Berkeley",University,State/Public,28
Brian Summa,Male,Tulane University,University,Other,14
Zhaowen Tang,Unknown,Los Alamos National Laboratory,National Lab,,16
Marlene Turner,Female,Lawrence Berkeley National Laboratory,National Lab,,N/A
Jorge A. Villa,Male,University of Louisiana at Lafayette,University,Other,14
Bess Vlaisavljevich,Female,University of South Dakota,University,Other,32
Yao Wang,Unknown,Clemson University,University,Other,82
Marissa L. Weichman,Female,Princeton University,University,Ivy League,N/A
Antoine Wojdyla,Male,Lawrence Berkeley National,Unknown,,12
Shuolong Yang,Unknown,The University of Chicago,University,Private,19
Mimi C. Yung,Female,Lawrence Livermore National Laboratory,National Lab,,12
Michael Zaletel,Male,"University of California, Berkeley",University,State/Public,51
Zhiyang Zhai,Unknown,Brookhaven National Laboratory,National Lab,,16
Xiao-Xiao Zhang,Unknown,University of Florida,University,State/Public,10
Guannan Zhang,Unknown,Oak Ridge National Laboratory,National Lab,,21
You Zhou,Unknown,University of Maryland,University,Other,142
Yuanyuan Zhu,Unknown,University of Connecticut,University,Other,20
Aleksandr V. Zhukhovitskiy,Male,University of North Carolina at Chapel Hill,University,State/Public,N/A
Gina C. Adam,Female,The George Washington University,University,Other,16
Whitney Armstrong,Male,Argonne National Laboratory,National Lab,,N/A
Miguel Arratia,Male,"University of California, Riverside",University,Other,18
Sayan Biswas,Unknown,University of Minnesota,University,State/Public,13
Steven J Blazewicz,Male,Lawrence Livermore National Laboratory,National Lab,,27
David Cesar,Male,SLAC National Accelerator Laboratory,National Lab,,22
Matthew B. Chambers,Male,Louisiana State University,University,Other,16
Nathaniel Chaney,Male,Duke University,University,Private,25
Xiaoqian Chen,Unknown,Brookhaven National Laboratory,National Lab,,24
Tyler Cocker,Male,Michigan State University,University,Other,20
Stacy M. Copp,Female,"University of California, Irvine",University,Other,N/A
Gavin Cornwell,Male,Pacific Northwest National Laboratory,National Lab,,13
Sneha P. Couvillion,Female,Pacific Northwest National Laboratory,National Lab,,17
Jacob Covey,Male,University of Illinois Urbana-Champaign,University,Other,24
Anil Damle,Male,Cornell University,University,Ivy League,15
Nelson Dzade,Male,Pennsylvania State University,University,Other,35
Gilberto Fernandes Lopes Fabbris,Male,Argonne National Laboratory,National Lab,,N/A
Gianluca Geraci,Male,SLAC National Accelerator Laboratory,National Lab,,17
Julia Gonski,Female,SLAC National Accelerator Laboratory,National Lab,,160
Eduardo Higino da Silva Neto,Male,Yale University,University,Ivy League,N/A
Alisa Javadi,Female,University of Oklahoma,University,Other,21
Dafei Jin,Unknown,University of Notre Dame,University,Other,22
Carlee Joe-Wong,Female,Carnegie Mellon University,University,Other,33
Austin Joyce,Male,University of Chicago,University,Private,32
Alvine Kamaha,Female,"University of California, Los Angeles (UCLA)",University,State/Public,18
Shaina Kelly,Female,Columbia University,University,Ivy League,13
Itamar Kimchi,Male,Georgia Institute of Technology,Unknown,,28
Lydia Kisley,Female,Case Western Reserve University,University,Other,20
Marek Kolmer,Male,Ames National Laboratory,National Lab,,22
Stephen Lam,Male,University of Massachusetts Lowell,University,Other,15
Amanda Lietz,Female,North Carolina State University,University,Other,13
Fang Liu,Unknown,Emory University,University,Private,131
Shusen Liu,Unknown,Lawrence Livermore National Laboratory,National Lab,,19
Whitney Loo,Male,University of Wisconsin-Madison,University,State/Public,23
Matthew Loyd,Male,Oak Ridge National Laboratory,National Lab,,34
Yunqiu Kelly Luo,Unknown,University of Southern California,University,Private,12
David Martinez Caicedo,Male,South Dakota School of Mines and Technology,Unknown,,N/A
Liane M. Moreau,Female,Washington State University,University,Other,N/A
Ian Moult,Male,Yale University,University,Ivy League,N/A
Lukas Muechler,Male,Penn State University,University,Other,29
Andy Nguyen,Male,"Elise Novitski, Assistant Professor",Unknown,,17
Kevin Pedro,Male,Fermi National Accelerator Laboratory,National Lab,,35
Bo Peng,Male,Pacific Northwest National Laboratory,National Lab,,27
Jennifer Louise Pore,Female,Lawrence Berkeley National Laboratory,National Lab,,N/A
Wei Qin,Unknown,University of Oklahoma,University,Other,49
Lina Quan,Female,Virginia Polytechnic Institute and State University,University,Other,43
Dylan Rankin,Male,University of Pennsylvania,University,Ivy League,N/A
Alex J. Rinehart,Male,New Mexico Tech,Unknown,,N/A
Sourabh K. Saha,Unknown,Georgia Institute of Technology,Unknown,,N/A
Thomas Scaffidi,Male,"University of California, Irvine",University,Other,25
Daniel Schwalbe-Koda,Male,"University of California, Los Angeles",University,State/Public,18
Filippo Scotti,Male,Lawrence Livermore National Laboratory,National Lab,,25
S. Eileen Seo,Unknown,Arizona State University,University,Other,13
Kyle Seyler,Female,The University of Arizona,University,Other,25
Sara Shamekh,Female,New York University,University,Private,7
Yu-Tsun Shao,Unknown,University of Southern California,University,Private,24
Philip Shushkov,Male,Indiana University,University,Other,14
Jennifer Shusterman,Female,Lawrence Livermore National Laboratory,National Lab,,11
Marien Simeni Simeni,Male,University of Minnesota,University,State/Public,13
Craig Snoeyink,Male,University of Buffalo,University,Other,9
Ioannis Spanopoulos,Male,University of South Florida,University,Other,45
Allison H. Squires,Female,The University of Chicago,University,Private,14
Xiao Su,Unknown,University of Illinois at Urbana-Champaign,University,State/Public,160
Carolin M. Sutter-Fella,Female,Lawrence Berkeley National Laboratory,National Lab,,37
Thi Vo,Female,Johns Hopkins University,University,Private,50
Kyle Wendt,Female,Lawrence Livermore National Laboratory,National Lab,,N/A
Shawn Westerdale,Male,"University of California, Riverside",University,Other,35
Lea R. Winter,Female,Yale University,University,Ivy League,N/A
Mitchell A. Wood,Male,Sandia National Laboratories,National Lab,,19
W.L. Kimmy Wu,Unknown,SLAC National Accelerator Laboratory,National Lab,,42
Yang Yang,Unknown,"University of California, Santa Barbra",University,Other,295
Mingwei Zhang,Unknown,"University of California, Davis",University,Other,13
Ben Zhu,Male,Lawrence Livermore National Laboratory,National Lab,,111
Cristal Zuniga,Female,San Diego State University,University,Other,23
Hussein Aluie,Male,University of Rochester,University,Other,27
Luca Argenti,Male,University of Central Florida,University,Other,29
Veronica Augustyn,Female,North Carolina State University,University,Other,32
Kristin Burnum-Johnson,Female,Pacific Northwest National Laboratory,National Lab,,43
Viviana Cavaliere,Female,Brookhaven National Laboratory (BNL),National Lab,,N/A
Lan Cheng,Unknown,Johns Hopkins University,University,Private,95
Miaofang Chi,Unknown,Oak Ridge National Laboratory (ORNL),National Lab,,95
Robert Coridan,Male,University of Arkansas,University,Other,18
Scott Cushing,Male,California Institute of Technology,University,Private,37
Shudipto Konika Dishari,Unknown,University of Nebraska-Lincoln,University,Other,12
Thomas Dumitrescu,Male,"University of California, Los Angeles",University,State/Public,24
Cora Dvorkin,Female,Harvard University,University,Ivy League,53
Tim Eifler,Male,University of Arizona,University,Other,88
David Flaherty,Male,University of Illinois,University,Other,43
Greeshma Gadikota,Unknown,Cornell University*,University,Ivy League,25
Diana Gamzina,Female,SLAC National Accelerator Laboratory,National Lab,,21
Arianna Gleason,Female,SLAC National Accelerator Laboratory,National Lab,,28
Sowjanya Gollapinni,Unknown,University of Tennessee,University,Other,N/A
Karl D. Hammond,Male,University of Missouri,University,Other,27
Scott Hertel,Male,"University of Massachusetts, Amherst",University,Other,51
Jier Huang,Unknown,Marquette University,University,Other,41
Stratos Idreos,Male,Harvard University,University,Ivy League,42
Laura Jeanty,Female,University of Oregon,University,Other,N/A
M. Benjamin Jungfleisch,Unknown,University of Delaware,University,Other,36
Jyoti Katoch,Female,Carnegie Mellon University,University,Other,20
Kibaek Kim,Unknown,Argonne National Laboratory (ANL),National Lab,,15
Elisabeth Krause,Female,University of Arizona,University,Other,80
Isaac J. Larsen,Male,University of Massachusetts – Amherst,University,Other,N/A
David T. Limmer,Male,"University of California, Berkeley",University,State/Public,38
Lucas Lindsay,Male,Oak Ridge National Laboratory (ORNL),National Lab,,49
Cara Lubner,Female,National Renewable Energy Laboratory (NREL),National Lab,,N/A
Joseph M. Lukens,Male,Oak Ridge National Laboratory (ORNL),National Lab,,26
Pedro Machado,Male,Fermi National Accelerator Laboratory (FNAL),National Lab,,63
Vladimir Manucharyan,Male,University of Maryland,University,Other,N/A
Jared Maxson,Male,Cornell University,University,Ivy League,28
Ryan McBride,Male,University of Michigan,University,State/Public,35
Josh Michener,Male,Oak Ridge National Laboratory,National Lab,,18
Kathryn Mohror,Female,Lawrence Livermore National Laboratory,National Lab,,29
Brad Ramshaw,Male,Cornell University,University,Ivy League,37
Cindy Rubio Gonzalez,Female,"University of California, Davis",University,Other,20
Ashkan Salamat,Unknown,University of Nevada,University,Other,26
Catherine Schuman,Female,Oak Ridge National Laboratory (ORNL),National Lab,,33
Michael D. Shields,Male,Johns Hopkins University,University,Private,29
Kevin Solomon,Male,Purdue University,University,Other,22
Peter Sorensen,Male,Lawrence Berkeley National Laboratory,National Lab,,74
James Stegen,Male,Pacific Northwest National Laboratory,National Lab,,50
Timothy Stoltzfus-Dueck,Male,Princeton Plasma Physics Laboratory,National Lab,,N/A
Elijah Thimsen,Male,Washington University,University,Other,28
Jeff Thompson,Male,Princeton University,University,Ivy League,31
Ian A. Tonks,Male,University of Minnesota,University,State/Public,28
Nhan V. Tran,Male,Fermi National Accelerator Laboratory (FNAL),National Lab,,10
Ahmet Uysal,Male,Argonne National Laboratory (ANL),National Lab,,21
Charuleka Varadharajan,Unknown,Lawrence Berkeley National Laboratory,National Lab,,26
David Vinyard,Male,Louisiana State University and A&M College,University,Other,31
Bin Wang,Unknown,University of Oklahoma,University,Other,162
Yangyang Wang,Unknown,Oak Ridge National Laboratory,National Lab,,37
Sarah J. Watzman,Female,University of Cincinnati,University,Other,N/A
Janelle P. Wharry,Female,Purdue University,University,Other,N/A
Jingke Xu,Unknown,Lawrence Livermore National Laboratory,National Lab,,54
Xingchen Xu,Unknown,Fermi National Accelerator Laboratory (FNAL),National Lab,,4
Qimin Yan,Unknown,Temple University,University,Other,41
Andriy Zakutayev,Male,National Renewable Energy Laboratory (NREL),National Lab,,59
Ilija Zeljkovic,Male,Boston College,University,Other,27
Kandis Leslie Gilliard-Abdul Aziz,Unknown,"University of California, Riverside",University,Other,N/A
Philip Adsley,Male,Texas A&M University,University,Other,18
Chibueze Amanchukwu,Unknown,The University of Chicago,University,Private,20
Bahar Asgari,Female,"University of Maryland, College Park",University,State/Public,13
Sam Barber,Male,Lawrence Berkeley National Laboratory,National Lab,,23
Mathew R. Becker,Male,Argonne National Laboratory,National Lab,,N/A
Julie Bessac,Female,Statistician National Renewable Energy,Unknown,,12
Christian Boutan,Male,Pacific Northwest National Laboratory,National Lab,,13
Mathew Brahlek,Male,Oak Ridge National Laboratory,National Lab,,N/A
James Daniel Brandenburg,Male,Ohio State University,University,State/Public,54
Jennifer Brophy,Female,"Stanford, CA",Unknown,,14
Elizabeth Brost,Female,Brookhaven National,Unknown,,N/A
Lucas Brouwer,Male,Lawrence Berkeley National Laboratory,National Lab,,20
Steven Brus,Male,Argonne National Laboratory,National Lab,,38
Jonathan D. Burns,Male,University of Alabama at Birmingham,University,Other,13
John F. Cahill,Male,Oak Ridge National Laboratory,National Lab,,19
Yue Cao,Unknown,Argonne National Laboratory,National Lab,,50
Lane Carasik,Male,"University Richmond, Virginia",University,Other,5
Korey P. Carter,Male,University of Iowa,University,Other,N/A
Daniel Casey,Male,Lawrence Livermore National Laboratory (LLNL),National Lab,,29
Tirthankar Chakraborty,Unknown,Atmospheric Sciences and Global Change,Unknown,,21
Fanglin Che,Unknown,University of Massachusetts Lowell,University,Other,28
Martin Claassen,Male,Astronomy University of Pennsylvania,University,Ivy League,24
Kensha Marie Clark,Unknown,University of Mississippi,University,Other,N/A
Laura de Sousa Oliveira,Female,University of Wyoming,University,Other,9
Gauthier J.-P. Deblonde,Male,Lawrence Livermore National Laboratory,National Lab,,N/A
Maria Laura di Vacri,Female,Pacific Northwest National Laboratory,National Lab,,N/A
Leah G. Dodson,Female,Biochemistry University of Maryland,University,Other,9
Dong,Unknown,"University of Oklahoma,",University,Other,222
Chuanfei Dong,Unknown,Boston University,University,Other,39
Leora Dresselhaus-Marais,Female,Stanford University,University,Private,12
Vinicius Duarte,Male,Princeton Plasma Physics Laboratory,National Lab,,21
Guillaume Duclos,Male,Physics Brandeis University,University,Other,16
Eugene Dumitrescu,Male,Computational Science and Engineering,Unknown,,21
Raghav Kunnawalkam Elayavalli,Unknown,Vanderbilt University,University,Other,N/A
Claudio Emma,Male,Advanced Accelerator Research,Unknown,,19
Guillermo Fernandez Moroni,Male,Fermi National Accelerator Laboratory,National Lab,,N/A
Rich Fiorella,Male,Los Alamos National Laboratory,National Lab,,14
Holly B. Flynn,Female,Savannah River National,Unknown,,N/A
Fereshte Ghahari Kermani,Unknown,George Mason University,University,Other,N/A
Nikolay Golubev,Male,University of Arizona,University,Other,14
Laura Gunn,Female,"School of Integrative Plant Sciences, Plant Biology",Unknown,,21
Shabnam Hematian,Unknown,University of North Carolina at Greensboro,University,Other,10
Robert Hovden,Male,University of Michigan,University,State/Public,44
Ezio Iacocca,Male,Science University of Colorado Colorado,University,Other,29
Lise-Marie Imbert-Gerard,Unknown,"Arizona Board of Regents, University of Arizona",University,Other,10
Nicholas Jackson,Male,"University of Illinois, Urbana-Champaign",University,Other,40
Jing Li,Unknown,New Jersey Institute of,Unknown,,117
Julia Kalow,Female,Chemistry Northwestern,Unknown,,27
Brendan Keith,Male,Brown University,University,Ivy League,29
Takaaki Koyanagi,Male,Oak Ridge National Laboratory,National Lab,,35
Benjamin A. Legg,Male,Pacific Northwest National Laboratory,National Lab,,18
Wenjing Liao,Unknown,Georgia Institute of Technology,Unknown,,18
Kun Liu,Unknown,Los Alamos National Laboratory (LANL),National Lab,,156
Andrey Lokhov,Male,Los Alamos National Laboratory,National Lab,,19
Dan Lu,Male,Oak Ridge National Laboratory,National Lab,,86
Niall Mangan,Male,Mathematics Northwestern University,University,Private,19
Chris Marshall,Male,University of Rochester,University,Other,60
C. Michael McGuirk,Unknown,Mines,Unknown,,20
James McIver,Male,Physics Columbia University,University,Ivy League,18
Bernhard Mistlberger,Male,SLAC National Accelerator Laboratory,National Lab,,37
Julia Moriarty,Female,University of Colorado Boulder,University,Other,11
Johanna Nelson Weker,Female,Lightsource SLAC National Accelerator,Unknown,,37
Hyunseok Oh,Unknown,University of Wisconsin-Madison,University,State/Public,20
Elizabeth Paul,Female,Columbia University,University,Ivy League,15
Adam Printz,Male,University of Arizona,University,Other,26
Jin Qian,Female,Lawrence Berkeley National Laboratory,National Lab,,34
Felix Ringer,Male,Old Dominion University,University,Other,37
Annette Rowe,Female,"Cincinnati Cincinnati,",Unknown,,21
Derek Schaeffer,Male,"Astronomy University of California, Los",University,Other,20
Arunima Singh,Unknown,Arizona State University,University,Other,24
Hillary Smith,Female,Astronomy Swarthmore College,University,Other,35
Erin Stache,Female,Princeton University,University,Ivy League,12
Mathew A. Steiner,Male,Engineering University of Cincinnati,University,Other,13
Esther Tsai,Female,"Laboratory Upton, NY",Unknown,,20
Omar Valsson,Male,University of North Texas,University,Other,21
Ying Wang,Unknown,University of Wisconsin-Madison,University,State/Public,78
Cory Windorff,Male,Biochemistry New Mexico State University,University,Other,19
Derong Xu,Unknown,Brookhaven National Laboratory,National Lab,,12
Da Yan,Unknown,University of Alabama at,University,Other,282
Joanna M Zajac,Female,Brookhaven National Laboratory,National Lab,,10
Yu Zhang,Unknown,Los Alamos National Laboratory,National Lab,,109
Youtong Zheng,Unknown,"Boston College,",University,Other,18
Brian Zhou,Male,"Boston College,",University,Other,16
Silvia Zorzeti,Female,Fermi National Accelerator Laboratory,National Lab,,11
Michael Zuerch,Male,"University of California, Berkeley",University,State/Public,112
Daniel Bardayan,Male,Oak Ridge National Laboratory,National Lab,,38
Christian Bauer,Male,Lawrence Berkeley National Laboratory,National Lab,,50
Ivan Bazarov,Male,Cornell University,University,Ivy League,37
Philip Bingham,Male,Oak Ridge National Laboratory,National Lab,,17
Stanislav Boldyrev,Male,University of Wisconsin,University,Other,N/A
Grigory Bronevetsky,Male,Lawrence Livermore National Laboratory,National Lab,,N/A
Martin Centurion,Male,University of Nebraska,University,Other,32
Patrick Yin Chiang,Male,Oregon State University,University,Other,N/A
Luisa Chiesa,Female,Miami University,University,Other,22
Samantha Daly,Female,University of Michigan,University,State/Public,16
Yuantao Ding,Unknown,SLAC National Accelerator Laboratory,National Lab,,N/A
David Erickson,Male,Cornell University,University,Ivy League,68
Amir Farbin,Male,"University of Texas, Arlington",University,Other,N/A
Daniel Fredrickson,Male,University of Wisconsin,University,Other,28
Andrew Gaunt,Male,Los Alamos National Laboratory,National Lab,,N/A
Adrian Gozar,Male,Brookhaven National Laboratory,National Lab,,25
William Gustafson,Male,Pacific Northwest National Laboratory,National Lab,,35
Valerie Halyo,Female,University of Colorado,University,Other,N/A
Michael Hermele,Male,University of Colorado,University,Other,37
Patrick Huber,Male,Virginia Polytechnic Institute and State University,University,Other,65
Christiane Jablonowski,Female,University of Michigan,University,State/Public,35
Arthi Jayaraman,Unknown,University of Colorado,University,Other,38
Rubin Juanes,Male,University of Maryland,University,Other,66
Matias Kirst,Male,University of Florida,University,State/Public,47
John Kitchin,Male,Carnegie Mellon University,University,Other,46
Michael Kohl,Male,Hampton University,University,Other,110
Matthew Law,Male,"University of California, Irvine",University,Other,103
Rupak Mahapatra,Unknown,Texas A&M University,University,Other,75
Alysia Marino,Female,University of Colorado,University,Other,68
Christina Markert,Female,University of Texas at Austin,University,State/Public,22
Youssef Marzouk,Male,Los Alamos National Laboratory,National Lab,,45
Christopher Mauger,Male,Los Alamos National Laboratory,National Lab,,N/A
Nathan McDowell,Male,Los Alamos National Laboratory,National Lab,,93
Antonino Miceli,Male,Argonne National Laboratory,National Lab,,19
Delia Milliron,Female,Lawrence Berkeley National Laboratory,National Lab,,70
Denes Molnar,Unknown,Purdue University,University,Other,96
Benjamin Monreal,Male,"University of California, Santa Barbara",University,Other,32
Tobin Munsat,Male,University of Colorado,University,Other,35
Pavel Nadolsky,Male,Southern Methodist University,University,Other,59
Jeffrey Newman,Male,University of Pittsburgh,University,Other,120
Jennifer O'Donnell,Female,Iowa State University,University,Other,8
Victoria Orphan,Female,California institute of Technology,University,Private,66
Kalyan Perumalla,Male,Oak Ridge National Laboratory,National Lab,,33
Eric Potma,Male,"University of California, Irvine",University,Other,56
Jonathan Schilling,Male,University of Minnesota,University,State/Public,50
Matthew Schwartz,Male,SLAC National Accelerator Laboratory,National Lab,,58
Ariel Schwartzman,Male,SLAC National Accelerator Laboratory,National Lab,,N/A
Athena Sefat,Female,Oak Ridge National Laboratory,National Lab,,64
Wendy Shaw,Female,Pacific Northwest National Laboratory,National Lab,,49
David Shih,Male,Los Alamos National Laboratory,National Lab,,38
Evgenya Smirnova,Female,Los Alamos National Laboratory,National Lab,,5
Vsevolod Soukhanovskii,Male,Lawrence Livermore National Laboratory,National Lab,,N/A
Michelle Strout,Female,Colorado State University,University,Other,28
Tsuyoshi Tajima,Male,Los Alamos National Laboratory,National Lab,,16
Christine Thomas,Female,Washington State University,University,Other,43
Timothy VanReken,Male,Washington State University,University,Other,21
Anil Vullikanti,Male,Virginia Polytechnic Institute and State University,University,Other,49
Feng Wang,Unknown,"University of California, Berkeley",University,State/Public,129
Mort Webster,Male,Northwestern University,University,Private,35
Emily Weiss,Female,Northwestern University,University,Private,68
Feng Yuan,Unknown,Lawrence Berkeley National Laboratory,National Lab,,115
Xiaochao Zheng,Unknown,University of Virginia,University,Other,57
Michael Arnold,Male,University of Wisconsin,University,Other,55
Nina Balke,Female,Oak Ridge National Laboratory,National Lab,,62
Timothy Bertram,Male,"University of California, San Diego",University,State/Public,N/A
Guillaume Blanquart,Male,California Institute of Technology,University,Private,34
Ricardo Castro,Male,"University of California, Davis",University,Other,34
Jennifer Cha,Female,"University of California, San Diego",University,State/Public,37
Youping Chen,Unknown,University of Florida,University,State/Public,40
Aaron Chou,Male,Fermi National Accelerator Laboratory,National Lab,,4
Paul Dauenhauer,Male,University of Massachusetts Amherst,University,Other,51
Sarah Demers,Female,Yale University,University,Ivy League,N/A
Shen Dillon,Unknown,University of Illinois at Urbana‐Champaign,University,Other,41
Mircea Dinca,Male,Massachusetts Institute of Technology,University,Private,90
Alireza Doostan,Male,University of Colorado,University,Other,36
Jozef Dudek,Male,Old Dominion University,University,Other,45
Mary Dunlop,Female,University of Vermont,University,Other,28
Gurudev Dutt,Unknown,University of Pittsburgh,University,Other,18
Pavel Evtushenko,Male,Thomas Jefferson National Accelerator Facility,National Lab,,15
Michael Galperin,Male,"University of California, San Diego",University,State/Public,90
Nuh Gedik,Male,Massachusetts Institute of Technology,University,Private,52
Kai Germaschewski,Male,University of New Hampshire,University,Other,29
Jeffrey Greeley,Male,Argonne National Laboratory,National Lab,,88
Julia Greer,Female,California Institute of Technology,University,Private,80
Markus Guehr,Male,SLAC National Acceleratory Laboratory,Unknown,,37
Carter Hall,Male,University of Maryland,University,Other,75
Thomas Hamann,Male,Michigan State University,University,Other,52
Ryan Hayward,Male,University of Massachusetts Amherst,University,Other,67
Samuel Hazen,Male,University of Massachussetts Amherst,University,Other,34
Chris Hirata,Male,California Institute of Technology,University,Private,N/A
Yongqin Jiao,Unknown,Lawrence Livermore National Laboratory,National Lab,,29
Anantharaman Kalyanaraman,Unknown,Washington State University,University,Other,26
James Kneller,Male,North Carolina State University,University,Other,27
Suzanne Lapi,Female,Washington University,University,Other,37
Minhyea Lee,Unknown,University of Colorado,University,Other,23
Peter Lindstrom,Male,Lawrence Livermore National Laboratory,National Lab,,41
Rene Lopez,Male,University of North Carolina,University,Other,40
Matthew Marshall,Male,Pacific Northwest National Laboratory,National Lab,,26
Daniel Melconian,Male,Texas A&M University,University,Other,N/A
Peter Mueller,Male,Argonne National Laboratory,National Lab,,85
Alberto Nicolis,Male,Columbia University,University,Ivy League,N/A
Christoph Niemann,Male,"University of California, Los Angeles",University,State/Public,33
Jonathan Owen,Male,Columbia University,University,Ivy League,62
Ryan Patterson,Male,California Institute of Technology,University,Private,4
Thomas Prolier,Male,Argonne National Laboratory,National Lab,,N/A
Tatiana Prozorov,Female,Ames Laboratory,Unknown,,32
Sofia Quaglioni,Female,Lawrence Livermore National Laboratory,National Lab,,36
Alexander Romanenko,Male,Fermi National Accelerator Laboratory,National Lab,,37
David Savage,Male,"University of California, Berkeley",University,State/Public,41
Eric Schelter,Male,University of Pennsylvania,University,Ivy League,54
Xipeng Shen,Unknown,College of William and Mary,University,Other,40
Daniel Sinars,Male,Sandia National Laboratories,National Lab,,5
Anze Slosar,Unknown,Brookhaven National Laboratory,National Lab,,89
Alexandre Tartakovsky,Male,Pacific Northwest National Laboratory,National Lab,,46
Alexis Templeton,Male,University of Colorado,University,Other,42
Jesse Thaler,Male,Massachusetts Institute of Technology,University,Private,76
Susannah Tringe,Female,Lawrence Berkeley National Laboratory,National Lab,,92
Ezekial Unterberg,Unknown,Oak Ridge National Laboratory,National Lab,,32
Anastasia Volovich,Female,Brown University,University,Ivy League,50
Francesco Volpe,Male,University of Wisconsin,University,Other,27
Faya Wang,Unknown,SLAC National Acceleratory Laboratory,Unknown,,9
Anne White,Female,Massachusetts Institute of Technology,University,Private,56
Zhigang Wu,Unknown,Colorado School of Mines,Unknown,,46
Junqiao Wu,Unknown,"University of California, Berkeley",University,State/Public,94
Jinlong Zhang,Unknown,Argonne National Laboratory,National Lab,,119
Pengpeng Zhang,Unknown,Michigan State University,University,Other,22
Haimei Zheng,Unknown,Lawrence Berkeley National Laboratory,National Lab,,70
Kirstin Alberi,Female,National Renewable Energy Laboratory,National Lab,,20
John Asbury,Male,Pennsylvania State University,University,Other,12
Pavan Balaji,Unknown,Argonne National Laboratory,National Lab,,47
Jesse Berezovsky,Male,Case Western Reserve University,University,Other,21
Theodore Betley,Male,Harvard University,University,Ivy League,45
Aditya Bhan,Male,University of Minnesota,University,State/Public,56
Kristen Buchanan,Female,Colorado State University,University,Other,22
Gianpaolo Carosi,Male,Lawrence Livermore National Laboratory,National Lab,,N/A
Brendan Casey,Male,Fermi National Accelerator Laboratory,National Lab,,35
Hank Childs,Male,Lawrence Berkeley National Laboratory,National Lab,,66
Amy Clarke,Female,Los Alamos National Laboratory,National Lab,,38
Nicolas Commaux,Male,Oak Ridge National Laboratory,National Lab,,N/A
Silviu Covrig,Male,Thomas Jefferson National Accelerator Facility,National Lab,,N/A
Christopher Crawford,Male,University of Kentucky,University,Other,35
Aleksandar Donev,Male,New York University,University,Private,48
Gary Douberly,Male,University of Georgia,University,Other,33
Xiangfeng Duan,Unknown,"University of California, Los Angeles",University,State/Public,154
Huaiyu Duan,Unknown,University of New Mexico,University,Other,31
John Dueber,Male,"University of California, Berkeley",University,State/Public,36
Mattan Erez,Unknown,University of Texas,University,Other,43
Rouven Essig,Male,Stony Brook University,University,Other,N/A
Joshua Figueroa,Male,"University of California, San Diego",University,State/Public,N/A
Charles Folden III,Male,Texas A&M University,University,Other,30
Oliver Gessner,Male,Lawrence Berkeley National Laboratory,National Lab,,36
Daniel Gianola,Male,University of Pennsylvania,University,Ivy League,81
Sean Hartnoll,Male,Stanford University,University,Private,56
Daniel Hayes,Male,Oak Ridge National Laboratory,National Lab,,148
Anne Jones,Female,Arizona State University,University,Other,62
Rohit Karnik,Unknown,Massachusetts Institute of Technology,University,Private,60
Daniel Kasen,Male,"University of California, Berkeley",University,State/Public,88
Andreas Kemp,Male,Lawrence Livermore National Laboratory,National Lab,,37
Svetlana Kilina,Female,North Dakota State University,University,Other,45
Matthias Kling,Male,Kansas State University,University,Other,63
Lu Li,Unknown,University of Michigan,University,State/Public,99
Rachel Mandelbaum,Female,Carnegie Mellon University,University,Other,N/A
Jaime Marian,Male,Lawrence Livermore National Laboratory,National Lab,,46
James McKinlay,Male,Indiana University,University,Other,29
Nikhil Padmanabhan,Male,Yale University,University,Ivy League,82
Steven Pain,Male,Oak Ridge National Laboratory,National Lab,,75
Felix Parra Diaz,Male,Massachusetts Institute of Technology,University,Private,N/A
Samuel Payne,Male,Pacific Northwest National Laboratory,National Lab,,47
Jennifer Reed,Female,University of Wisconsin,University,Other,32
Paul Romatschke,Male,University of Colorado,University,Other,45
Volker Rose,Male,Argonne National Laboratory,National Lab,,32
Ozgur Sahin,Unknown,Columbia University,University,Ivy League,34
Tina Salguero,Female,University of Georgia,University,Other,37
Leonardo Senatore,Male,Stanford University,University,Private,N/A
Tengming Shen,Unknown,Fermi National Accelerator Laboratory,National Lab,,23
Pavel Snopok,Male,Illinois Institute of Technology,Unknown,,35
Santiago Solares,Male,University of Maryland,University,Other,34
Garrett Suen,Male,University of Wisconsin,University,Other,52
Mitra Taheri,Female,Drexel University,University,Other,48
Ivan Vitev,Male,Los Alamos National Laboratory,National Lab,,65
Haim Waisman,Male,Columbia University,University,Ivy League,41
Lisa Whitehead,Female,University of Houston,University,Other,42
Richard Wilson,Male,Argonne National Laboratory,National Lab,,223
Kevin Wilson,Male,Lawrence Berkeley National Laboratory,National Lab,,64
Weida Wu,Unknown,Rutgers University,University,Other,38
Dao Xiang,Female,University of Washington,University,State/Public,15
Xiaodong Xu,Unknown,University of Washington,University,State/Public,108
Ming Ye,Unknown,Florida State University,University,Other,58
Jamey Young,Male,Vanderbilt University,University,Other,67
Victor Zavala,Male,Argonne National Laboratory,National Lab,,46
Junjie Zhu,Unknown,University of Michigan,University,State/Public,13
Joshua Zide,Male,University of Delaware,University,Other,36
Thomas Bligaard,Male,SLAC National Accelerator Laboratory,National Lab,,69
Adam S. Bolton,Male,University of Utah,University,Other,N/A
Cheng Cen,Unknown,West Virginia University,University,Other,83
Clarence L. Chang,Male,Argonne National Laboratory,National Lab,,5
Clifford W. Cheung,Male,California Institute of Technology,University,Private,N/A
Sigrid Close,Female,Stanford University,University,Private,30
Heather D. Coleman,Female,Syracuse University,University,Other,N/A
Valentino R. Cooper,Male,Oak Ridge National Laboratory,National Lab,,44
Frank E. Curtis,Male,Lehigh University,University,Other,31
Richard Dawes,Male,Missouri University of Science and Technology,University,Other,37
William Detmold,Male,Massachusetts Institute of Technology,University,Private,58
Jason A. Detwiler,Male,University of Washington,University,State/Public,56
Ahmed Diallo,Male,Princeton Plasma Physics Laboratory,National Lab,,41
Daniel B. Dougherty,Male,North Carolina State University,University,Other,N/A
Krzysztof J. Fidkowski,Male,University of Michigan,University,State/Public,N/A
Felix R. Fischer,Male,"University of California, Berkeley",University,State/Public,40
Liang Fu,Unknown,Massachusetts Institute of Technology,University,Private,101
Etienne Garand,Male,University of Wisconsin‐Madision,University,Other,27
Emanuel Gull,Male,University of Michigan,University,State/Public,56
Ruilan Guo,Unknown,University of Notre Dame,University,Other,34
Gaute Hagen,Male,Oak Ridge National Laboratory,National Lab,,59
Daniel J. Haxton,Male,Lawrence Berkeley National Laboratory,National Lab,,N/A
Jason P. Hayward,Male,The University of Tennessee,University,Other,15
Alexander Hexemer,Male,Lawrence Berkeley National Laboratory,National Lab,,N/A
Stefan Hoeche,Male,SLAC National Accelerator Laboratory,National Lab,,61
Andrew G. Ivanov,Male,Kansas State University,University,Other,N/A
Marian Jandel,Male,Los Alamos National Laboratory,National Lab,,31
Matthew C. Jewell,Male,University of Wisconsin‐Eau Claire,University,Other,N/A
Sriram Krishnamoorthy,Unknown,Pacific Northwest National Laboratory,National Lab,,57
Milind Kulkarni,Unknown,Purdue University,University,Other,36
Keji Lai,Unknown,University of Texas at Austin,University,State/Public,44
Dominique Loque,Unknown,University of Hawaii,University,Other,N/A
Jelena Maricic,Female,University of Hawaii,University,Other,60
Benjamin J. McMorran,Male,University of Oregon,University,Other,23
William E. Mustain,Male,University of Connecticut,University,Other,53
Rebecca B. Neumann,Female,University of Washington,University,State/Public,23
Michelle A. O'Malley,Female,"University of California, Santa Barbara",University,Other,37
Gabriel D. Orebi Gann,Male,"University of California, Berkeley",University,State/Public,N/A
Toyoko Jennifer Orimoto,Female,Northeastern University,University,Other,N/A
Johnpierre Paglione,Unknown,University of Maryland,University,Other,63
George Shu Heng Pau,Male,Lawrence Berkeley National Laboratory,National Lab,,20
Brian F. Pfleger,Male,University of Wisconsin‐Madision,University,Other,44
Yuan Ping,Unknown,Lawrence Livermore National Laboratory,National Lab,,94
Brian A. Powell,Male,Clemson University,University,Other,N/A
Danilo C. Pozzo,Male,University of Washington,University,State/Public,N/A
Ashwin Ramasubramaniam,Unknown,"University of Massachusetts, Amherst",University,Other,37
Lijuan Ruan,Unknown,Brookhaven National Laboratory,National Lab,,N/A
Matthias R. Schindler,Male,University of South Carolina,University,Other,N/A
Jonathan Simon,Male,University of Chicago,University,Private,64
Sara E. Skrabalak,Female,Indiana University,University,Other,N/A
Ivan I. Smalyukh,Male,University of Colorado,University,Other,70
Xiaowei Teng,Unknown,University of New Hampshire,University,Other,36
Megan C. Thielges,Female,Indiana University,University,Other,N/A
William A. Tisdale,Male,Massachusetts Institute of Technology,University,Private,45
Andrew J. Tolley,Male,Case Western Reserve University,University,Other,3
Nathan M. Urban,Male,Los Alamos National Laboratory,National Lab,,24
Katherine A. Willets,Female,University of Texas at Austin,University,State/Public,39
Michael Williams,Male,Massachusetts Institute of Technology,University,Private,89
Juhao Wu,Unknown,SLAC National Accelerator Laboratory,National Lab,,N/A
Setthivoine You,Unknown,University of Washington,University,State/Public,14
Dominika Zgid,Female,University of Michigan,University,State/Public,32
Rebecca J. Abergel,Female,Lawrence Berkeley National Laboratory,National Lab,,N/A
Geoffrey S.D. Beach,Male,Massachusetts Institute of Technology,University,Private,N/A
Jenifer C. Braley,Female,Colorado School of Mines,Unknown,,N/A
Antoine J. Cerfon,Male,New York University,University,Private,N/A
Emil M. Constantinescu,Male,Argonne National Laboratory,National Lab,,N/A
Carl Eric Dahl,Male,Northwestern University,University,Private,N/A
Mark P.M. Dean,Male,Brookhaven National Laboratory,National Lab,,36
Olivier A. Delaire,Male,Oak Ridge National Laboratory,National Lab,,N/A
Rafael M. Fernandes,Male,University of Minnesota,University,State/Public,60
Daniele Filippetto,Female,Lawrence Berkeley National Laboratory,National Lab,,28
Gregory D. Fuchs,Male,Cornell University,University,Ivy League,39
Todd Gamblin,Male,Lawrence Livermore National Laboratory,National Lab,,37
Shambhu Ghimire,Unknown,SLAC National Accelerator Laboratory,National Lab,,37
Lars C. Grabow,Male,University of Houston,University,Other,42
Peter W. Graham,Male,Stanford University,University,Private,N/A
Anna Grassellino,Female,Fermi National Accelerator Laboratory,National Lab,,35
Brian A. Grierson,Male,Princeton Plasma Physics Laboratory,National Lab,,N/A
Stephanie B. Hansen,Female,"Sandia National Laboratories, New Mexico",National Lab,,49
James Hirschauer,Male,Fermi National Accelerator Laboratory,National Lab,,241
Nadine Kabengi,Female,Georgia State University,University,Other,21
Lisa J. Kaufman,Female,Indiana University,University,Other,N/A
Wei Li,Unknown,William Marsh Rice University,University,Private,218
Stephanie A. Majewski,Female,University of Oregon,University,Other,N/A
Ni Ni,Unknown,"University of California, Los Angeles",University,State/Public,99
Trent R. Northen,Male,Lawrence Berkeley National Laboratory,National Lab,,64
Shyue Ping Ong,Unknown,"University of California, San Diego",University,State/Public,88
Mike S. Pritchard,Male,"University of California, Irvine",University,Other,33
Xin Qian,Unknown,Brookhaven National Laboratory,National Lab,,75
Joel C. Rowland,Male,Los Alamos National Laboratory,National Lab,,N/A
Florin Rusu,Male,"University of California, Merced",University,Other,24
Bjoern P. Schenke,Unknown,Brookhaven National Laboratory,National Lab,,N/A
Guglielmo Scovazzi,Male,Duke University,University,Private,32
Nathaniel P. Stern,Male,Northwestern University,University,Private,N/A
Jenny Y. Yang,Female,"University of California, Irvine",University,Other,43
James G. Analytis,Male,"University of California, Berkeley",University,State/Public,67
Lawrence R. Baker,Male,Ohio State University,University,State/Public,N/A
Phillip S. Barbeau,Male,Duke University,University,Private,N/A
Ilenia Battiato,Female,San Diego State University,University,Other,26
Nathaniel J. Craig,Male,"University of California, Santa Barbara",University,Other,15
Catherine M. Deibel,Female,Louisiana State University,University,Other,34
Christian Engelmann,Male,Oak Ridge National Laboratory,National Lab,,34
Eranda Nikolla,Female,Wayne State University,University,Other,31
Tori Z. Forbes,Female,University of Iowa,University,Other,28
Jeffrey G. Gardner,Male,University of Maryland Baltimore County,University,Other,19
Pierre Gentine,Male,Columbia University,University,Ivy League,72
Krzysztof Gofryk,Male,Idaho National Laboratory,National Lab,,32
Erik M. Grumstrup,Male,Montana State University,University,Other,N/A
Thomas Hartman,Male,Cornell University,University,Ivy League,44
Cory D. Hauck,Male,Oak Ridge National Laboratory,National Lab,,N/A
David J. Heldebrant,Male,Pacific Northwest National Laboratory,National Lab,,42
Matthew E. Helgeson,Male,"University of California, Santa Barbara",University,Other,N/A
Henry C. Hoffmann,Male,University of Chicago,University,Private,N/A
Anubhav Jain,Unknown,Lawrence Berkeley National Laboratory,National Lab,,69
Rebekka S. Klausen,Female,Johns Hopkins University,University,Private,24
Christopher J. Kliewer,Male,Sandia National Laboratories,National Lab,,27
Alexey Kovalev,Male,University of Nebraska,University,Other,53
Kyle M. Lancaster,Female,Cornell University,University,Ivy League,39
Christopher Lee,Male,Los Alamos National Laboratory,National Lab,,72
Dongsheng Li,Unknown,Pacific Northwest National Laboratory,National Lab,,105
Kin Fai Mak,Unknown,Pennsylvania State University,University,Other,74
Lorenzo Mangolini,Male,"University of California, Riverside",University,Other,33
Jeetain Mittal,Unknown,Lehigh University,University,Other,61
Katharine Page,Female,Oak Ridge National Laboratory,National Lab,,52
Chad M. Parish,Male,Oak Ridge National Laboratory,National Lab,,43
Andrew Puckett,Male,University of Connecticut,University,Other,48
Jonathan D. Raff,Male,Indiana University,University,Other,N/A
Timothy J. Rupert,Male,"University of California, Irvine",University,Other,36
Anne Sakdinawat,Female,SLAC National Accelerator Laboratory,National Lab,,N/A
Elizabeth S. Sattely,Female,Stanford University,University,Private,N/A
Jordan R. Schmidt,Male,University of Wisconsin‐Madison,University,Other,N/A
Oliver Schmitz,Male,University of Wisconsin‐Madison,University,Other,127
Daniel P. Shoemaker,Male,University of Illinois,University,Other,24
Tracy R. Slatyer,Female,Massachusetts Institute of Technology,University,Private,N/A
Patricia Solvignon,Female,University of New Hampshire,University,Other,N/A
Yogesh Surendranath,Male,Massachusetts Institute of Technology,University,Private,58
Jing Tao,Unknown,Brookhaven National Laboratory,National Lab,,43
Daniela M. Ushizima,Female,Lawrence Berkeley National Laboratory,National Lab,,N/A
Brent A. VanDevender,Male,Pacific Northwest National Laboratory,National Lab,,N/A
Justin R. Walensky,Male,University of Missouri,University,Other,32
Jonathan Weare,Male,University of Chicago,University,Private,22
Peter Winter,Male,Argonne National Laboratory,National Lab,,15
Yunyan Zhang,Unknown,Lawrence Livermore National Laboratory,National Lab,,24
Thomas K. Allison,Male,Stony Brook University,University,Other,24
Jessica M. Anna,Female,University of Pennsylvania,University,Ivy League,N/A
Scott D. Baalrud,Male,University of Iowa,University,Other,N/A
Peter J. Bruggeman,Male,University of Minnesota,University,State/Public,N/A
Alvin Cheung,Male,University of Washington,University,State/Public,36
Jim Ciston,Male,Lawrence Berkeley National Laboratory,National Lab,,45
Sean M. Couch,Male,Michigan State University,University,Other,N/A
Daniela F. Cusack,Female,"University of California, Los Angeles",University,State/Public,N/A
Yingge Du,Unknown,Pacific Northwest National Laboratory,National Lab,,47
Jonathan W. Engle,Male,Los Alamos National Laboratory,National Lab,,53
Grigory V. Eremeev,Male,Thomas Jefferson National Accelerator Facility,National Lab,,N/A
Francesco A. Evangelista,Male,Emory University,University,Private,N/A
Rebecca Flint,Female,Iowa State University,University,Other,15
Alison R. Fout,Female,University of Illinois,University,Other,30
Jacklyn M. Gates,Female,Lawrence Berkeley National Laboratory,National Lab,,N/A
Kristian A. Hahn,Male,Northwestern University,University,Private,N/A
Kirsten S. Hofmockel,Female,Pacific Northwest National Laboratory,National Lab,,N/A
Xia Hong,Unknown,University of Nebraska,University,Other,63
Travis S. Humble,Male,Oak Ridge National Laboratory,National Lab,,N/A
Yier Jin,Unknown,University of Central Florida,University,Other,54
Robert D. Kolasinski,Male,Sandia National Laboratories,National Lab,,N/A
Egemen Kolemen,Male,Princeton University,University,Ivy League,35
Jessica A. Krogstad,Female,University of Illinois,University,Other,17
Amber T. Krummel,Female,Colorado State University,University,Other,N/A
Christoph Lehner,Male,Brookhaven National Laboratory,National Lab,,31
Melanie A. Mayes,Female,Oak Ridge National Laboratory,National Lab,,39
Karis J. McFarlane,Female,Lawrence Livermore National Laboratory,National Lab,,20
Chad Mitchell,Male,Lawrence Berkeley National Laboratory,National Lab,,N/A
James J. Moran,Male,Pacific Northwest National Laboratory,National Lab,,80
Wellington Muchero,Unknown,Oak Ridge National Laboratory,National Lab,,N/A
Michael L. Neidig,Male,University of Rochester,University,Other,N/A
Jamie R. Neilson,Female,Colorado State University,University,Other,N/A
Katja C. Nowack,Female,Cornell University,University,Ivy League,N/A
Kabir G. Peay,Male,Stanford University,University,Private,N/A
Sam Posen,Male,Fermi National Accelerator Laboratory,National Lab,,30
Jennifer L. Raaf,Female,Fermi National Accelerator Laboratory,National Lab,,N/A
Devesh Ranjan,Male,Georgia Institute of Technology,Unknown,,31
Matthew Redshaw,Male,Central Michigan University,University,Other,20
Eduardo Rozo,Male,University of Arizona,University,Other,6
Rebecca Schulman,Female,The Johns Hopkins University,University,Private,29
Ian D. Sharp,Male,Lawrence Berkeley National Laboratory,National Lab,,56
John B. Shaw,Male,University of Arkansas,University,Other,N/A
Adele C. Tamboli,Female,National Renewable Energy Laboratory,National Lab,,N/A
Jeroen van Tilborg,Male,Lawrence Berkeley National Laboratory,National Lab,,N/A
Clayton G. Webster,Male,Oak Ridge National Laboratory,National Lab,,N/A
Haidan Wen,Unknown,Argonne National Laboratory,National Lab,,35
Christopher Wrede,Male,Michigan State University,University,Other,32
Zeeshan Ahmed,Male,SLAC National Accelerator Laboratory,National Lab,,47
Jared M. Allred,Male,The University of Alabama,University,Other,21
Nicholas J. Bouskill,Male,Lawrence Berkeley National Laboratory (LBNL),National Lab,,N/A
Kelly A. Chipps,Female,Oak Ridge National Laboratory (ORNL),National Lab,,N/A
Brian A. Collins,Male,Washington State University,University,Other,27
Steven C. DeCaluwe,Male,Colorado School of Mines,Unknown,,N/A
Naresh Devineni,Male,The City College of New York,University,Other,30
Matthew R. Dietrich,Male,Argonne National Laboratory (ANL),National Lab,,15
Qiang Du,Unknown,Lawrence Berkeley National Laboratory (LBNL),National Lab,,81
Jiwen Fan,Unknown,Pacific Northwest National Laboratory (PNNL),National Lab,,56
Frederico Fiuza,Male,SLAC National Accelerator Laboratory,National Lab,,38
David J. Flannigan,Male,University of Minnesota,University,State/Public,33
Renee R. Frontiera,Female,University of Minnesota,University,State/Public,31
Kenneth R. Graham,Male,University of Kentucky,University,Other,N/A
David L. Green,Male,Oak Ridge National Laboratory (ORNL),National Lab,,32
Heiko Hergert,Male,Michigan State University,University,Other,35
Alexander I. Himmel,Male,Fermi National Accelerator Laboratory (FNAL),National Lab,,N/A
Amy E. Hixon,Female,University of Notre Dame,University,Other,15
Benjamin Hooberman,Male,University of Illinois,University,Other,259
Benjamin M. Hunt,Male,Carnegie Mellon University,University,Other,17
Josh Kacher,Male,Georgia Institute of Technology,Unknown,,24
Mariam Kiran,Female,Lawrence Berkeley National Laboratory (LBNL),National Lab,,23
Charles D. Koven,Male,Lawrence Berkeley National Laboratory (LBNL),National Lab,,N/A
Stephanie Law,Female,University Of Delaware,University,Other,25
Lin Lin,Female,"University of California, Berkeley",University,State/Public,324
Brian K. Long,Male,The University of Tennessee,University,Other,29
Richard L. Longland,Male,North Carolina State University,University,Other,N/A
Kenneth Lopata,Male,Louisiana State University and A&M College,University,Other,25
Marilena LoVerde,Female,SUNY Stony Brook University,University,Other,37
Steven O. Mansoorabadi,Male,Auburn University,University,Other,N/A
Julia M. Mikhailova,Female,Princeton University,University,Ivy League,N/A
Emilio A. Nanni,Male,SLAC National Accelerator Laboratory,National Lab,,N/A
Eric W. Neuscamman,Male,"University of California, Berkeley",University,State/Public,N/A
James Ostrowski,Male,The University of Tennessee,University,Other,48
Dennis V. Perepelitsa,Male,University of Colorado,University,Other,216
Tom Peterka,Male,Argonne National Laboratory (ANL),National Lab,,40
Neeraj Rai,Male,Mississippi State University,University,Other,26
Ted C. Rogers,Male,Old Dominion University,University,Other,28
Tiark Rompf,Unknown,Purdue University,University,Other,37
Michael D. Schneider,Male,Lawrence Livermore National Laboratory (LLNL),National Lab,,23
Adam B. Sefkow,Male,University of Rochester,University,Other,35
Sanjaya D. Senanayake,Unknown,Brookhaven National Laboratory (BNL),National Lab,,70
Hannah S. Shafaat,Female,The Ohio State University,University,State/Public,N/A
Sahar Sharifzadeh,Female,Boston University,University,Other,25
Jessie F. Shelton,Female,University of Illinois,University,Other,N/A
Siqian Shen,Unknown,University of Michigan,University,State/Public,26
Justin Stevens,Male,The College of William and Mary,University,Other,58
Jin Suntivich,Female,Cornell University,University,Ivy League,39
Jason R. Trelewicz,Male,SUNY Stony Brook University,University,Other,22
Juan P. Trelles,Male,University of Massachusetts Lowell,University,Other,26
Alessandro Tricoli,Male,Brookhaven National Laboratory (BNL),National Lab,,N/A
Anja von der Linden,Female,SUNY Stony Brook University,University,Other,N/A
Thomas Z. Ward,Male,Oak Ridge National Laboratory (ORNL),National Lab,,42
David J. Weston,Male,Oak Ridge National Laboratory (ORNL),National Lab,,100
Timothy M. Wildey,Male,"Sandia National Laboratories, New Mexico (SNL‐NM)",National Lab,,N/A
Kelly C. Wrighton,Female,The Ohio State University,University,State/Public,51
Chao Zhang,Unknown,Brookhaven National Laboratory,National Lab,,165
Jeramy D. Zimmerman,Male,Colorado School of Mines,Unknown,,36
Assel Aitkaliyeva,Female,University of Florida,University,State/Public,17
Daniel Amador-Noguez,Male,University of Wisconsin-Madison,University,State/Public,37
Artur Apresyan,Male,Fermi National Accelerator Laboratory (FNAL),National Lab,,N/A
Shane Ardo,Male,"University of California, Irvine",University,Other,38
Prasanna Balaprakash,Unknown,Argonne National Laboratory (ANL),National Lab,,37
Elizabeth J. Biddinger,Female,The City College of New York,University,Other,26
Valentina Bisogni,Female,Brookhaven National Laboratory (BNL),National Lab,,30
James Blakemore,Male,University of Kansas,University,Other,33
Daniel Bowring,Male,Fermi National Accelerator Laboratory (FNAL),National Lab,,N/A
Nanette Boyle,Female,Colorado School of Mines,Unknown,,14
Raul Briceno,Male,Old Dominion University,University,Other,35
Susannah Burrows,Female,Pacific Northwest National Laboratory (PNNL),National Lab,,33
Huibo Cao,Unknown,Oak Ridge National Laboratory (ORNL),National Lab,,50
Ethan J. Crumlin,Male,Lawrence Berkeley National Laboratory (LBNL),National Lab,,61
Eric C. Cyr,Male,Sandia National Laboratories (SNL-NM),National Lab,,20
Cesar da Silva,Male,Los Alamos National Laboratory (LANL),National Lab,,37
Karen Davies,Female,Lawrence Berkeley National Laboratory (LBNL),National Lab,,91
Nathalie de Leon,Female,Princeton University,University,Ivy League,36
Luiz De Viveiros Souza Filho,Unknown,Pennsylvania State University,University,Other,N/A
Jared Delcamp,Male,University of Mississippi,University,Other,43
David Donovan,Male,The University of Tennessee,University,Other,13
Benjamin Doughty,Male,Oak Ridge National Laboratory (ORNL),National Lab,,24
Daniel A. Dwyer,Male,Lawrence Berkeley National Laboratory (LBNL),National Lab,,N/A
Thomas Faulkner,Male,University of Illinois,University,Other,33
Nathaniel M. Ferraro,Male,Princeton Plasma Physics Laboratory (PPPL),National Lab,,N/A
Stefano Gandolfi,Male,Los Alamos National Laboratory (LANL),National Lab,,53
Tais Gorkhover,Unknown,SLAC National Accelerator Laboratory,National Lab,,28
Alexander Gray,Male,Temple University,University,Other,39
Kentaro Hara,Male,Texas A&M University,University,Other,N/A
Naruki Hiranuma,Unknown,West Texas A&M University,University,Other,19
Kolby Jardine,Male,Lawrence Berkeley National Laboratory (LBNL),National Lab,,31
Zhang Jiang,Unknown,Argonne National Laboratory (ANL),National Lab,,43
Michael Kagan,Male,SLAC National Accelerator Laboratory,National Lab,,210
Liqin Ke,Unknown,Ames Laboratory,Unknown,,28
Karah E. Knope,Unknown,Georgetown University,University,Other,25
Samuel Aaron Lazerson,Male,Princeton Plasma Physics Laboratory (PPPL),National Lab,,34
Alexie Leauthaud-Harnett,Female,"University of California, Santa Cruz",University,Other,N/A
Joshua Levine,Male,The University of Arizona,University,Other,66
Bolin Liao,Unknown,"University of California, Santa Barbara",University,Other,29
Ryan P. Lively,Male,Georgia Institute of Technology,Unknown,,58
Tammy Ma,Female,Lawrence Livermore National Laboratory (LLNL),National Lab,,66
Themis Mastoridis,Male,California Polytechnic State University,University,Other,N/A
Zach Meisel,Male,Ohio University,University,Other,36
Siddharth Misra,Unknown,The University of Oklahoma,University,Other,49
Karen L. Mulfort,Female,Argonne National Laboratory (ANL),National Lab,,35
Jacquelyn Noronha-Hostler,Female,Rutgers University,University,Other,47
Colin Ophus,Male,Lawrence Berkeley National Lab (LBNL),Unknown,,56
Paris Perdikaris,Male,University of Pennsylvania,University,Ivy League,49
Nicola Perry,Female,University of Illinois,University,Other,28
David Powers,Male,Texas A&M University,University,Other,40
Kerri A. Pratt,Female,University of Michigan,University,State/Public,N/A
Benjamin Safdi,Male,University of Michigan,University,State/Public,49
Omer San,Male,Oklahoma State University,University,Other,70
Hee-Jong Seo,Unknown,Ohio University,University,Other,80
Julian Shun,Male,Massachusetts Institute of Technology,University,Private,35
Meredith N. Silberstein,Female,Cornell University,University,Ivy League,N/A
David Simmons-Duffin,Male,California Institute of Technology,University,Private,48
Jaideep Taggart Singh,Unknown,Michigan State University,University,Other,N/A
Zachary P. Smith,Male,Massachusetts Institute of Technology,University,Private,39
Aritoki Suzuki,Unknown,Lawrence Berkeley National Laboratory (LBNL),National Lab,,N/A
Ming Tang,Unknown,Rice University,University,Private,55
Ming Lee Tang,Unknown,"University of California, Riverside",University,Other,46
Kazuhiro Terao,Male,SLAC National Accelerator Laboratory,National Lab,,52
Javier Tiffenberg,Male,Fermi National Accelerator Laboratory (FNAL),National Lab,,54
Wang-Kong Tse,Unknown,University of Alabama,University,Other,23
Anne-Marie Valente-Feliciano,Female,Thomas Jefferson National Accelerator Facility,National Lab,,N/A
Romain Vasseur,Male,University of Massachusetts Amherst,University,Other,47
Anselm Vossen,Male,Duke University,University,Private,N/A
Luisa Whittaker-Brooks,Female,University of Utah,University,Other,29
Haixuan Xu,Unknown,The University of Tennessee,University,Other,29
Xiaoshan Xu,Unknown,University of Nebraska-Lincoln,University,Other,37
Rachel P. Yohay,Female,Florida State University,University,Other,N/A
Guihua Yu,Unknown,The University of Texas at Austin,University,State/Public,188
Joel Yuen-Zhou,Male,University of California San Diego,University,Other,38
Philipp Zerbe,Male,"University of California, Davis",University,Other,37
Alex Zylstra,Male,Los Alamos National Laboratory (LANL),National Lab,,51
Robert Ainsworth,Male,Fermi National Accelerator Laboratory,National Lab,,N/A
Jonathan Asaadi,Male,The University of Texas at Arlington,University,Other,108
Jason Azoulay,Male,University of Southern Mississippi,University,Other,35
Bryan Beckingham,Male,Auburn University,University,Other,18
D. Kwabena Bediako,Unknown,"University of California, Berkeley",University,State/Public,27
Michael Bishof,Male,Argonne National Laboratory,National Lab,,182
Jennifer Bridwell-Rabb,Female,University of Michigan,University,State/Public,17
Maria Chan,Female,Argonne National Laboratory,National Lab,,46
Manos Chatzopoulos,Male,Louisiana State University,University,Other,N/A
Federica Coppari,Female,Lawrence Livermore National Laboratory,National Lab,,N/A
Amy Cordones-Hahn,Female,SLAC National Accelerator Laboratory,National Lab,,23
Joseph Cotruvo,Male,Pennsylvania State University,University,Other,26
Arun Devaraj,Male,Pacific Northwest National Laboratory,National Lab,,37
Javier Duarte,Male,The Regents of the University of California – UCSD,University,Other,229
Christine E. Duval,Female,Case Western Reserve University,University,Other,9
Joanne B. Emerson,Female,"University of California, Davis",University,Other,34
Li Fang,Unknown,University of Central Florida,University,Other,75
Kevin G. Field,Male,2355 Bonisteel Blvd.,Unknown,,N/A
Laura Fields,Female,Fermi National Accelerator Laboratory,National Lab,,89
Benjamin Frandsen,Male,Brigham Young University,University,Other,25
Ronald Fernando Garcia Ruiz,Male,Massachusetts Institute of Technology,University,Private,35
Benedikt Geiger,Male,University of Wisconsin – Madison,University,Other,45
Dustin A. Gilbert,Male,University of Tennessee,University,Other,31
Ranganathan Gopalakrishnan,Male,The University of Memphis,University,Other,17
Marco Govoni,Male,Argonne National Laboratory (ANL),National Lab,,30
Heather Gray,Female,The Regents of University of California,University,Other,253
Wendy Gu,Female,Stanford University,University,Private,24
Matthew Hoffman,Male,Los Alamos National Laboratory,National Lab,,39
Wanzheng Hu,Unknown,Boston University,University,Other,28
Paul W. Humrickhouse,Male,Idaho National Laboratory,National Lab,,N/A
Jonathan Jarvis,Male,Fermi National Accelerator Laboratory,National Lab,,10
Luchang Jin,Unknown,University of Connecticut,University,Other,31
Siddharth Karkare,Unknown,Arizona State University,University,Other,25
Trevor F. Keenan,Male,UC Berkeley,Unknown,,70
Vedika Khemani,Unknown,Stanford University,University,Private,40
Laura Lammers,Female,Lawrence Berkeley National Laboratory,National Lab,,23
Kyle G. Leach,Female,Colorado School of Mines,Unknown,,31
Hugh Lippincott,Male,Regents of the University of California,University,Other,N/A
Alessandro Lovato,Male,Argonne National Laboratory,National Lab,,34
Manthiram,Unknown,Massachusetts Institute of Technology,University,Private,172
Elijah H. Martin,Male,Oak Ridge National Laboratory,National Lab,,14
Jarad A. Mason,Unknown,Harvard University,University,Ivy League,47
Phillip Milner,Male,Cornell University,University,Ivy League,29
Michael Mooney,Male,Colorado State University,University,Other,204
Gary F. Moore,Male,Arizona State University,University,Other,32
Bogdan Nicolae,Male,Argonne National Laboratory,National Lab,,24
Erin E Nuccio,Female,Lawrence Livermore National Laboratory,National Lab,,22
Brendan O'Shea,Male,SLAC National Accelerator Laboratory,National Lab,,21
Christina M. Patricola,Female,Iowa State University,University,Other,37
Bei Wang Phillips,Unknown,University of Utah,University,Other,28
Kemp Plumb,Unknown,Brown University,University,Ivy League,15
David Radice,Male,The Pennsylvania State University,University,Other,55
Simon Roux,Male,Lawrence Berkeley National Laboratory,National Lab,,67
Justin B. Sambur,Male,Colorado State University,University,Other,N/A
Lado Samushia,Male,Kansas State University,University,Other,55
Bayrammurad Saparov,Unknown,University of Oklahoma,University,Other,40
Nobuo Sato,Male,Thomas Jefferson National Accelerator Facility,National Lab,,37
Phiala Shanahan,Unknown,Massachusetts Institute of Technology,University,Private,38
James Shepherd,Male,University of Iowa,University,Other,21
Louise Skinnari,Female,Northeastern University,University,Other,220
Douglas Stanford,Male,Board of Trustees of the Leland Stanford Junior University,University,Other,171
Benjamin N. Sulman,Male,Oak Ridge National Laboratory,National Lab,,31
Dali Sun,Female,North Carolina State University,University,Other,26
Wenhao Sun,Unknown,University of Michigan,University,State/Public,57
Nathaniel Trask,Male,Sandia National Laboratories,National Lab,,26
Michael A. Troxel,Male,Duke University,University,Private,N/A
Wim M. van Rees,Male,Massachusetts Institute of Technology,University,Private,15
Tuo Wang,Unknown,Louisiana State University,University,Other,40
Chen Wang,Unknown,"University of Massachusetts, Amherst",University,Other,54
Stefan M. Wild,Male,"Laboratory for Applied Mathematics, Numerical Software, and Statistics",Unknown,,43
Huolin Xin,Unknown,University of California,University,Other,96
Ming Yi,Unknown,Rice University,University,Private,38
Kevin C. Young,Male,Sandia National Laboratories,National Lab,,N/A
Tong Zhou,Unknown,Lawrence Berkeley National Laboratory,National Lab,,61
Corey Adams,Male,Argonne National Laboratory,National Lab,,42
Ariful Azad,Unknown,Indiana University,University,Other,26
Marcel D. Baer,Male,Pacific Northwest National Laboratory,National Lab,,N/A
Miles F. Beaux II,Male,Los Alamos National Laboratory,National Lab,,N/A
Matthew T. Beidler,Male,Oak Ridge National Laboratory,National Lab,,N/A
Lindsey Bleem,Female,Argonne National Laboratory,National Lab,,82
Mark D. Boyer II,Male,Princeton Plasma Physics Laboratory,National Lab,,N/A
Penghui Cao,Unknown,"University of California, Irvine",University,Other,25
Si Chen,Unknown,Argonne National Laboratory,National Lab,,53
Benjamin J. Cole,Male,Lawrence Berkeley National Laboratory,National Lab,,N/A
Riccardo Comin,Male,Massachusetts Institute of Technology,University,Private,86
Melina Avila Coronado,Female,Argonne National Laboratory,National Lab,,N/A
Heather Crawford,Female,Lawrence Berkeley National Laboratory,National Lab,,35
Melissa A. Cregger,Female,Oak Ridge National Laboratory,National Lab,,N/A
Anup K. Das,Unknown,Drexel University,University,Other,37
Sheng Di,Unknown,Argonne National Laboratory,National Lab,,40
Gregory Doerk,Male,Brookhaven National Laboratory,National Lab,,26
J. Matthew Durham,Unknown,Los Alamos National Laboratory,National Lab,,99
Manuel Endres,Male,California Institute of Technology,University,Private,30
Netta Engelhardt,Female,Massachusetts Institute of Technology,University,Private,24
Mengjia Gaowei,Unknown,Brookhaven National Laboratory,National Lab,,16
Mona Ghassemi,Female,Virginia Polytechnic Institute and State University,University,Other,29
Loren Greenman,Male,Kansas State University,University,Other,N/A
Xiaodan Gu,Unknown,The University of Southern Mississippi,University,Other,56
Philip Harris,Male,Massachusetts Institute of Technology,University,Private,63
Kai He,Male,Clemson University,University,Other,38
Russell J. Hewett,Male,Virginia Polytechnic Institute and State University,University,Other,8
Edward G. Hohenstein,Male,SLAC National Accelerator Laboratory,National Lab,,48
Jin Hu,Female,University of Arkansas,University,Other,95
Shu Hu,Unknown,Yale University,University,Ivy League,54
Gabriel Isaacman-VanWertz,Male,Virginia Polytechnic Institute and State University,University,Other,35
Katherine Isaacs,Female,The University of Arizona,University,Other,18
Andrew Jayich,Male,"University of California, Santa Barbara",University,Other,19
Christopher Johnson,Male,Stony Brook University,University,Other,70
Jovan Kamcev,Male,University of Michigan,University,State/Public,27
Drew P. Kouri,Male,Sandia National Laboratories,National Lab,,N/A
Roopali Kukreja,Unknown,University of California Davis,University,Other,22
James Letts,Male,"University of California, Davis",University,Other,18
Xinle Li,Unknown,Clark Atlanta University,University,Other,33
Mingda Li,Unknown,Massachusetts Institute of Technology,University,Private,30
Fankang Li,Unknown,Oak Ridge National Laboratory,National Lab,,15
Tongyan Lin,Unknown,"University of California, San Diego",University,State/Public,N/A
Ben Loer,Male,Pacific Northwest National Laboratory,National Lab,,N/A
Xueying Lu,Unknown,Northern Illinois University,University,Other,10
Tara Mastren,Female,University of Utah,University,Other,20
Emma Elizabeth McBride,Female,SLAC National Accelerator Laboratory,National Lab,,23
Charles C. L. McCrory,Male,University of Michigan,University,State/Public,N/A
Julia A. Mundy,Female,Harvard University,University,Ivy League,30
Guangxin Ni,Unknown,Florida State University,University,Other,27
Brian Nord,Male,Fermi National Accelerator Laboratory,National Lab,,73
Simone Pagan Griso,Female,Lawrence Berkeley National Laboratory,National Lab,,24
Diana Parno,Female,Carnegie Mellon University,University,Other,38
Maria Piarulli,Female,Washington University in St. Louis,University,Private,22
Craig Plaisance,Male,Louisiana State University,University,Other,15
Diana Y. Qiu,Female,Yale University,University,Ivy League,28
Mohammad Javad Abdolhosseini Qomi,Male,University of California Irvine,University,Other,31
Kiersten Ruisard,Female,Oak Ridge National Laboratory,National Lab,,6
Robert Saye,Male,Lawrence Berkeley National Laboratory,National Lab,,13
Srimoyee Sen,Unknown,Iowa State University,University,Other,15
Christo S. Sevov,Unknown,The Ohio State University,University,State/Public,N/A
Chun Shen,Unknown,Wayne State University,University,Other,54
Daisuke Shiraki,Male,Oak Ridge National Laboratory,National Lab,,31
Indara Suarez,Unknown,Boston University,University,Other,4
Nathan Tallent,Male,Pacific Northwest National Laboratory,National Lab,,21
Aditya V. Thakur,Male,"University of California, Davis",University,Other,20
V. Sara Thoi,Unknown,Johns Hopkins University,University,Private,24
Marcos Turqueti,Male,Lawrence Berkeley National Laboratory,National Lab,,14
Petros Tzeferacos,Male,University of Rochester,University,Other,25
Caterina Vernieri,Female,SLAC National Accelerator Laboratory,National Lab,,N/A
Hao-Yi Wu,Unknown,Boise State University,University,Other,31
Dianne Xiao,Female,University of Washington,University,State/Public,22
Jie Xu,Unknown,"University of Texas, El Paso",University,Other,32
Xue Zheng,Unknown,Lawrence Livermore National Laboratory,National Lab,,66
Qiang Zhu,Unknown,University of Nevada Las Vegas,University,Other,42
